Workbook
Name aa: [1]產品維度表!#REF!
Name aa: [1]產品維度表!#REF!
Name 尺寸: 銷售總表!$T$2:$T$5
Name 年度: 銷售總表!$S$2:$S$5
Name 產品: [1]產品維度表!#REF!
Name 產品: [1]產品維度表!#REF!
Name 顏色: "白色,紅色"
Name 類別: [1]產品維度表!$C$13,[1]產品維度表!$C$14,[1]產品維度表!$C$26

Sheet 產品
A1: 產品編號 | B1: 品名 | C1: 分類 | D1: 定價 | E1: 進貨成本
A2: 1 | B2: 黑色長袖運動𥘎, S號 | C2: 車服 | D2: 1000 | E2: 400
A3: 2 | B3: 黑色長袖運動𥘎, M號 | C3: 車服 | D3: 1000 | E3: 400
A4: 3 | B4: 黑色長袖運動𥘎, L號 | C4: 車服 | D4: 1000 | E4: 400
A5: 4 | B5: 黑色長袖運動𥘎, XL號 | C5: 車服 | D5: 1000 | E5: 400
A6: 5 | B6: 藍色長袖運動𥘎, S號 | C6: 車服 | D6: 1000 | E6: 400
A7: 6 | B7: 藍色長袖運動𥘎, M號 | C7: 車服 | D7: 1000 | E7: 400
A8: 7 | B8: 藍色長袖運動𥘎, L號 | C8: 車服 | D8: 1000 | E8: 400
A9: 8 | B9: 藍色長袖運動𥘎, XL號 | C9: 車服 | D9: 1000 | E9: 400
A10: 9 | B10: 紅色長袖運動𥘎, S號 | C10: 車服 | D10: 1000 | E10: 400
A11: 10 | B11: 紅色長袖運動𥘎, M號 | C11: 車服 | D11: 1000 | E11: 400
A12: 11 | B12: 紅色長袖運動𥘎, L號 | C12: 車服 | D12: 1000 | E12: 400
A13: 12 | B13: 紅色長袖運動𥘎, XL號 | C13: 車服 | D13: 1000 | E13: 400
... A61: 60 | B61: 公路車RX型黑色, 50號 | C61: 公路車 | D61: 25000 | E61: 17500

Sheet 門市
A1: 區域編號 | B1: 縣市 | C1: 行政區 | D1: 經度 | E1: 緯度
A2: 1 | B2: 台北市 | C2: 中正區 | D2: 121.51988 | E2: 25.032405
A3: 2 | B3: 台北市 | C3: 大同區 | D3: 121.51304 | E3: 25.063424
A4: 3 | B4: 台北市 | C4: 中山區 | D4: 121.53816 | E4: 25.069699
A5: 4 | B5: 台北市 | C5: 松山區 | D5: 121.55759 | E5: 25.059991
A6: 5 | B6: 台北市 | C6: 大安區 | D6: 121.54344 | E6: 25.02677
A7: 6 | B7: 台北市 | C7: 萬華區 | D7: 121.49799 | E7: 25.02859
A8: 7 | B8: 台北市 | C8: 信義區 | D8: 121.57167 | E8: 25.030621
A9: 8 | B9: 台北市 | C9: 士林區 | D9: 121.55085 | E9: 25.125467
A10: 9 | B10: 台北市 | C10: 北投區 | D10: 121.5178 | E10: 25.148068
A11: 10 | B11: 台北市 | C11: 內湖區 | D11: 121.59238 | E11: 25.083706
A12: 11 | B12: 台北市 | C12: 南港區 | D12: 121.60976 | E12: 25.036009
A13: 12 | B13: 台北市 | C13: 文山區 | D13: 121.57361 | E13: 24.988579
... A369: 368 | B369: 花蓮縣 | C369: 富里鄉 | D369: 121.29805 | E369: 23.196721

Sheet 銷售總表
A1: 訂單編號 | B1: 產品編號 | C1: 區域編號 | D1: 銷售員編號 | E1: 日期 | F1: 銷售數量 | G1: 折扣數 | H1: 銷售金額 | I1: 獲利 | J1: 年分 | P1: 職稱 | Q1: 銷售員的傭金比例 | R1: 銷售員傭金 | S1: 年度 | T1: 尺寸 | U1: 車色
A2: 1 | B2: 2 | C2: 3 | D2: 2 | E2: 43831 | F2: 10 | G2: 0.07 | H2: =VLOOKUP($B2,產品!$A$1:$E$61,4,FALSE)*(1-$G2)*$F2 -> 9300 | I2: =$H2-VLOOKUP($B2,產品!$A$2:$E$61,5,FALSE)*F2-$R2 -> 5160.5 | J2: =YEAR(E2) -> 2020 | L2: 銷售金額=定價*(1-折扣數)*銷售數量 | P2: =MID(VLOOKUP($D2,業務!$A$1:$E$11,2,FALSE),FIND("/",VLOOKUP($D2,業務!$A$1:$E$11,2,FALSE))+1,2) -> 經理 | Q2: =IF($P2="專員",1%,IF($P2="副理",1.2%,IF($P2="經理",1.5%,IF($P2="協理",1.6%,0)))) -> 0.015 | R2: =$H2*$Q2 -> 139.5 | S2: 2019 | T2: 46號 | U2: 白色
A3: 2 | B3: 60 | C3: 11 | D3: 1 | E3: 43832 | F3: 3 | G3: 0.07 | H3: =VLOOKUP($B3,產品!$A$1:$E$61,4,FALSE)*(1-$G3)*$F3 -> 69750 | I3: =$H3-VLOOKUP($B3,產品!$A$2:$E$61,5,FALSE)*F3-$R3 -> 16552.5 | J3: =YEAR(E3) -> 2020 | L3: 獲利=銷售金額-進貨成本-銷售員佣金 | P3: =MID(VLOOKUP($D3,業務!$A$1:$E$11,2,FALSE),FIND("/",VLOOKUP($D3,業務!$A$1:$E$11,2,FALSE))+1,2) -> 專員 | Q3: =IF($P3="專員",1%,IF($P3="副理",1.2%,IF($P3="經理",1.5%,IF($P3="協理",1.6%,0)))) -> 0.01 | R3: =$H3*$Q3 -> 697.5 | S3: 2020 | T3: 48號 | U3: 紅色
A4: 3 | B4: 3 | C4: 6 | D4: 4 | E4: 43832 | F4: 40 | G4: 0.18 | H4: =VLOOKUP($B4,產品!$A$1:$E$61,4,FALSE)*(1-$G4)*$F4 -> 32800 | I4: =$H4-VLOOKUP($B4,產品!$A$2:$E$61,5,FALSE)*F4-$R4 -> 16406.4 | J4: =YEAR(E4) -> 2020 | L4: 銷售員佣金=銷售員的佣金比例*銷售金額 | P4: =MID(VLOOKUP($D4,業務!$A$1:$E$11,2,FALSE),FIND("/",VLOOKUP($D4,業務!$A$1:$E$11,2,FALSE))+1,2) -> 副理 | Q4: =IF($P4="專員",1%,IF($P4="副理",1.2%,IF($P4="經理",1.5%,IF($P4="協理",1.6%,0)))) -> 0.012 | R4: =$H4*$Q4 -> 393.6 | S4: 2021 | T4: 50號 | U4: 碳纖色
A5: 4 | B5: 56 | C5: 294 | D5: 6 | E5: 43833 | F5: 15 | G5: 0.15 | H5: =VLOOKUP($B5,產品!$A$1:$E$61,4,FALSE)*(1-$G5)*$F5 -> 280500 | I5: =$H5-VLOOKUP($B5,產品!$A$2:$E$61,5,FALSE)*F5-$R5 -> 46695 | J5: =YEAR(E5) -> 2020 | P5: =MID(VLOOKUP($D5,業務!$A$1:$E$11,2,FALSE),FIND("/",VLOOKUP($D5,業務!$A$1:$E$11,2,FALSE))+1,2) -> 專員 | Q5: =IF($P5="專員",1%,IF($P5="副理",1.2%,IF($P5="經理",1.5%,IF($P5="協理",1.6%,0)))) -> 0.01 | R5: =$H5*$Q5 -> 2805 | S5: 2022 | T5: 52號 | U5: 黑色
A6: 5 | B6: 16 | C6: 285 | D6: 7 | E6: 43833 | F6: 30 | G6: 0.13 | H6: =VLOOKUP($B6,產品!$A$1:$E$61,4,FALSE)*(1-$G6)*$F6 -> 46980 | I6: =$H6-VLOOKUP($B6,產品!$A$2:$E$61,5,FALSE)*F6-$R6 -> 24816.24 | J6: =YEAR(E6) -> 2020 | P6: =MID(VLOOKUP($D6,業務!$A$1:$E$11,2,FALSE),FIND("/",VLOOKUP($D6,業務!$A$1:$E$11,2,FALSE))+1,2) -> 副理 | Q6: =IF($P6="專員",1%,IF($P6="副理",1.2%,IF($P6="經理",1.5%,IF($P6="協理",1.6%,0)))) -> 0.012 | R6: =$H6*$Q6 -> 563.76
A7: 6 | B7: 26 | C7: 283 | D7: 6 | E7: 43833 | F7: 8 | G7: 0.14 | H7: =VLOOKUP($B7,產品!$A$1:$E$61,4,FALSE)*(1-$G7)*$F7 -> 44720 | I7: =$H7-VLOOKUP($B7,產品!$A$2:$E$61,5,FALSE)*F7-$R7 -> 13072.8 | J7: =YEAR(E7) -> 2020 | L7: 公司目前制定的佣金計算方式如下： | P7: =MID(VLOOKUP($D7,業務!$A$1:$E$11,2,FALSE),FIND("/",VLOOKUP($D7,業務!$A$1:$E$11,2,FALSE))+1,2) -> 專員 | Q7: =IF($P7="專員",1%,IF($P7="副理",1.2%,IF($P7="經理",1.5%,IF($P7="協理",1.6%,0)))) -> 0.01 | R7: =$H7*$Q7 -> 447.2
A8: 7 | B8: 45 | C8: 9 | D8: 5 | E8: 43833 | F8: 6 | G8: 0.19 | H8: =VLOOKUP($B8,產品!$A$1:$E$61,4,FALSE)*(1-$G8)*$F8 -> 68040 | I8: =$H8-VLOOKUP($B8,產品!$A$2:$E$61,5,FALSE)*F8-$R8 -> 12759.6 | J8: =YEAR(E8) -> 2020 | P8: =MID(VLOOKUP($D8,業務!$A$1:$E$11,2,FALSE),FIND("/",VLOOKUP($D8,業務!$A$1:$E$11,2,FALSE))+1,2) -> 專員 | Q8: =IF($P8="專員",1%,IF($P8="副理",1.2%,IF($P8="經理",1.5%,IF($P8="協理",1.6%,0)))) -> 0.01 | R8: =$H8*$Q8 -> 680.4
A9: 8 | B9: 49 | C9: 259 | D9: 9 | E9: 43833 | F9: 2 | G9: 0.07 | H9: =VLOOKUP($B9,產品!$A$1:$E$61,4,FALSE)*(1-$G9)*$F9 -> 27900 | I9: =$H9-VLOOKUP($B9,產品!$A$2:$E$61,5,FALSE)*F9-$R9 -> 6481.5 | J9: =YEAR(E9) -> 2020 | L9: 職稱 | M9: 佣金 | P9: =MID(VLOOKUP($D9,業務!$A$1:$E$11,2,FALSE),FIND("/",VLOOKUP($D9,業務!$A$1:$E$11,2,FALSE))+1,2) -> 經理 | Q9: =IF($P9="專員",1%,IF($P9="副理",1.2%,IF($P9="經理",1.5%,IF($P9="協理",1.6%,0)))) -> 0.015 | R9: =$H9*$Q9 -> 418.5
A10: 9 | B10: 28 | C10: 262 | D10: 6 | E10: 43833 | F10: 3 | G10: 0.2 | H10: =VLOOKUP($B10,產品!$A$1:$E$61,4,FALSE)*(1-$G10)*$F10 -> 18000 | I10: =$H10-VLOOKUP($B10,產品!$A$2:$E$61,5,FALSE)*F10-$R10 -> 4320 | J10: =YEAR(E10) -> 2020 | L10: 專員 | M10: 0.01 | P10: =MID(VLOOKUP($D10,業務!$A$1:$E$11,2,FALSE),FIND("/",VLOOKUP($D10,業務!$A$1:$E$11,2,FALSE))+1,2) -> 專員 | Q10: =IF($P10="專員",1%,IF($P10="副理",1.2%,IF($P10="經理",1.5%,IF($P10="協理",1.6%,0)))) -> 0.01 | R10: =$H10*$Q10 -> 180
A11: 10 | B11: 33 | C11: 2 | D11: 7 | E11: 43834 | F11: 10 | G11: 0.17 | H11: =VLOOKUP($B11,產品!$A$1:$E$61,4,FALSE)*(1-$G11)*$F11 -> 62250 | I11: =$H11-VLOOKUP($B11,產品!$A$2:$E$61,5,FALSE)*F11-$R11 -> 16503 | J11: =YEAR(E11) -> 2020 | L11: 副理 | M11: 0.012 | P11: =MID(VLOOKUP($D11,業務!$A$1:$E$11,2,FALSE),FIND("/",VLOOKUP($D11,業務!$A$1:$E$11,2,FALSE))+1,2) -> 副理 | Q11: =IF($P11="專員",1%,IF($P11="副理",1.2%,IF($P11="經理",1.5%,IF($P11="協理",1.6%,0)))) -> 0.012 | R11: =$H11*$Q11 -> 747
A12: 11 | B12: 56 | C12: 112 | D12: 9 | E12: 43835 | F12: 8 | G12: 0.14 | H12: =VLOOKUP($B12,產品!$A$1:$E$61,4,FALSE)*(1-$G12)*$F12 -> 151360 | I12: =$H12-VLOOKUP($B12,產品!$A$2:$E$61,5,FALSE)*F12-$R12 -> 25889.6 | J12: =YEAR(E12) -> 2020 | L12: 經理 | M12: 0.015 | P12: =MID(VLOOKUP($D12,業務!$A$1:$E$11,2,FALSE),FIND("/",VLOOKUP($D12,業務!$A$1:$E$11,2,FALSE))+1,2) -> 經理 | Q12: =IF($P12="專員",1%,IF($P12="副理",1.2%,IF($P12="經理",1.5%,IF($P12="協理",1.6%,0)))) -> 0.015 | R12: =$H12*$Q12 -> 2270.4
A13: 12 | B13: 28 | C13: 291 | D13: 10 | E13: 43835 | F13: 12 | G13: 0.13 | H13: =VLOOKUP($B13,產品!$A$1:$E$61,4,FALSE)*(1-$G13)*$F13 -> 78300 | I13: =$H13-VLOOKUP($B13,產品!$A$2:$E$61,5,FALSE)*F13-$R13 -> 23517 | J13: =YEAR(E13) -> 2020 | L13: 協理 | M13: 0.016 | P13: =MID(VLOOKUP($D13,業務!$A$1:$E$11,2,FALSE),FIND("/",VLOOKUP($D13,業務!$A$1:$E$11,2,FALSE))+1,2) -> 專員 | Q13: =IF($P13="專員",1%,IF($P13="副理",1.2%,IF($P13="經理",1.5%,IF($P13="協理",1.6%,0)))) -> 0.01 | R13: =$H13*$Q13 -> 783
A14: 13 | B14: 59 | C14: 8 | D14: 1 | E14: 43835 | F14: 3 | G14: 0.07 | H14: =VLOOKUP($B14,產品!$A$1:$E$61,4,FALSE)*(1-$G14)*$F14 -> 66960 | I14: =$H14-VLOOKUP($B14,產品!$A$2:$E$61,5,FALSE)*F14-$R14 -> 15890.4 | J14: =YEAR(E14) -> 2020 | P14: =MID(VLOOKUP($D14,業務!$A$1:$E$11,2,FALSE),FIND("/",VLOOKUP($D14,業務!$A$1:$E$11,2,FALSE))+1,2) -> 專員 | Q14: =IF($P14="專員",1%,IF($P14="副理",1.2%,IF($P14="經理",1.5%,IF($P14="協理",1.6%,0)))) -> 0.01 | R14: =$H14*$Q14 -> 669.6
A15: 14 | B15: 27 | C15: 294 | D15: 4 | E15: 43835 | F15: 3 | G15: 0.19 | H15: =VLOOKUP($B15,產品!$A$1:$E$61,4,FALSE)*(1-$G15)*$F15 -> 17010 | I15: =$H15-VLOOKUP($B15,產品!$A$2:$E$61,5,FALSE)*F15-$R15 -> 4205.88 | J15: =YEAR(E15) -> 2020 | P15: =MID(VLOOKUP($D15,業務!$A$1:$E$11,2,FALSE),FIND("/",VLOOKUP($D15,業務!$A$1:$E$11,2,FALSE))+1,2) -> 副理 | Q15: =IF($P15="專員",1%,IF($P15="副理",1.2%,IF($P15="經理",1.5%,IF($P15="協理",1.6%,0)))) -> 0.012 | R15: =$H15*$Q15 -> 204.12
A16: 15 | B16: 19 | C16: 5 | D16: 7 | E16: 43836 | F16: 100 | G16: 0.16 | H16: =VLOOKUP($B16,產品!$A$1:$E$61,4,FALSE)*(1-$G16)*$F16 -> 151200 | I16: =$H16-VLOOKUP($B16,產品!$A$2:$E$61,5,FALSE)*F16-$R16 -> 77385.6 | J16: =YEAR(E16) -> 2020 | P16: =MID(VLOOKUP($D16,業務!$A$1:$E$11,2,FALSE),FIND("/",VLOOKUP($D16,業務!$A$1:$E$11,2,FALSE))+1,2) -> 副理 | Q16: =IF($P16="專員",1%,IF($P16="副理",1.2%,IF($P16="經理",1.5%,IF($P16="協理",1.6%,0)))) -> 0.012 | R16: =$H16*$Q16 -> 1814.4
A17: 16 | B17: 48 | C17: 285 | D17: 7 | E17: 43837 | F17: 9 | G17: 0.16 | H17: =VLOOKUP($B17,產品!$A$1:$E$61,4,FALSE)*(1-$G17)*$F17 -> 166320 | I17: =$H17-VLOOKUP($B17,產品!$A$2:$E$61,5,FALSE)*F17-$R17 -> 35624.16 | J17: =YEAR(E17) -> 2020 | P17: =MID(VLOOKUP($D17,業務!$A$1:$E$11,2,FALSE),FIND("/",VLOOKUP($D17,業務!$A$1:$E$11,2,FALSE))+1,2) -> 副理 | Q17: =IF($P17="專員",1%,IF($P17="副理",1.2%,IF($P17="經理",1.5%,IF($P17="協理",1.6%,0)))) -> 0.012 | R17: =$H17*$Q17 -> 1995.84
A18: 17 | B18: 35 | C18: 138 | D18: 9 | E18: 43837 | F18: 12 | G18: 0.19 | H18: =VLOOKUP($B18,產品!$A$1:$E$61,4,FALSE)*(1-$G18)*$F18 -> 82620 | I18: =$H18-VLOOKUP($B18,產品!$A$2:$E$61,5,FALSE)*F18-$R18 -> 20180.7 | J18: =YEAR(E18) -> 2020 | P18: =MID(VLOOKUP($D18,業務!$A$1:$E$11,2,FALSE),FIND("/",VLOOKUP($D18,業務!$A$1:$E$11,2,FALSE))+1,2) -> 經理 | Q18: =IF($P18="專員",1%,IF($P18="副理",1.2%,IF($P18="經理",1.5%,IF($P18="協理",1.6%,0)))) -> 0.015 | R18: =$H18*$Q18 -> 1239.3
A19: 18 | B19: 34 | C19: 117 | D19: 3 | E19: 43837 | F19: 3 | G19: 0.17 | H19: =VLOOKUP($B19,產品!$A$1:$E$61,4,FALSE)*(1-$G19)*$F19 -> 19920 | I19: =$H19-VLOOKUP($B19,產品!$A$2:$E$61,5,FALSE)*F19-$R19 -> 5201.28 | J19: =YEAR(E19) -> 2020 | P19: =MID(VLOOKUP($D19,業務!$A$1:$E$11,2,FALSE),FIND("/",VLOOKUP($D19,業務!$A$1:$E$11,2,FALSE))+1,2) -> 協理 | Q19: =IF($P19="專員",1%,IF($P19="副理",1.2%,IF($P19="經理",1.5%,IF($P19="協理",1.6%,0)))) -> 0.016 | R19: =$H19*$Q19 -> 318.72
A20: 19 | B20: 7 | C20: 259 | D20: 10 | E20: 43838 | F20: 150 | G20: 0.14 | H20: =VLOOKUP($B20,產品!$A$1:$E$61,4,FALSE)*(1-$G20)*$F20 -> 129000 | I20: =$H20-VLOOKUP($B20,產品!$A$2:$E$61,5,FALSE)*F20-$R20 -> 67710 | J20: =YEAR(E20) -> 2020 | P20: =MID(VLOOKUP($D20,業務!$A$1:$E$11,2,FALSE),FIND("/",VLOOKUP($D20,業務!$A$1:$E$11,2,FALSE))+1,2) -> 專員 | Q20: =IF($P20="專員",1%,IF($P20="副理",1.2%,IF($P20="經理",1.5%,IF($P20="協理",1.6%,0)))) -> 0.01 | R20: =$H20*$Q20 -> 1290
A21: 20 | B21: 41 | C21: 1 | D21: 2 | E21: 43838 | F21: 15 | G21: 0.09 | H21: =VLOOKUP($B21,產品!$A$1:$E$61,4,FALSE)*(1-$G21)*$F21 -> 163800 | I21: =$H21-VLOOKUP($B21,產品!$A$2:$E$61,5,FALSE)*F21-$R21 -> 44343 | J21: =YEAR(E21) -> 2020 | P21: =MID(VLOOKUP($D21,業務!$A$1:$E$11,2,FALSE),FIND("/",VLOOKUP($D21,業務!$A$1:$E$11,2,FALSE))+1,2) -> 經理 | Q21: =IF($P21="專員",1%,IF($P21="副理",1.2%,IF($P21="經理",1.5%,IF($P21="協理",1.6%,0)))) -> 0.015 | R21: =$H21*$Q21 -> 2457
A22: 21 | B22: 39 | C22: 267 | D22: 3 | E22: 43838 | F22: 3 | G22: 0.13 | H22: =VLOOKUP($B22,產品!$A$1:$E$61,4,FALSE)*(1-$G22)*$F22 -> 46980 | I22: =$H22-VLOOKUP($B22,產品!$A$2:$E$61,5,FALSE)*F22-$R22 -> 11128.32 | J22: =YEAR(E22) -> 2020 | P22: =MID(VLOOKUP($D22,業務!$A$1:$E$11,2,FALSE),FIND("/",VLOOKUP($D22,業務!$A$1:$E$11,2,FALSE))+1,2) -> 協理 | Q22: =IF($P22="專員",1%,IF($P22="副理",1.2%,IF($P22="經理",1.5%,IF($P22="協理",1.6%,0)))) -> 0.016 | R22: =$H22*$Q22 -> 751.68
A23: 22 | B23: 28 | C23: 275 | D23: 9 | E23: 43838 | F23: 5 | G23: 0.11 | H23: =VLOOKUP($B23,產品!$A$1:$E$61,4,FALSE)*(1-$G23)*$F23 -> 33375 | I23: =$H23-VLOOKUP($B23,產品!$A$2:$E$61,5,FALSE)*F23-$R23 -> 10374.375 | J23: =YEAR(E23) -> 2020 | P23: =MID(VLOOKUP($D23,業務!$A$1:$E$11,2,FALSE),FIND("/",VLOOKUP($D23,業務!$A$1:$E$11,2,FALSE))+1,2) -> 經理 | Q23: =IF($P23="專員",1%,IF($P23="副理",1.2%,IF($P23="經理",1.5%,IF($P23="協理",1.6%,0)))) -> 0.015 | R23: =$H23*$Q23 -> 500.625
A24: 23 | B24: 41 | C24: 283 | D24: 7 | E24: 43839 | F24: 20 | G24: 0.07 | H24: =VLOOKUP($B24,產品!$A$1:$E$61,4,FALSE)*(1-$G24)*$F24 -> 223200 | I24: =$H24-VLOOKUP($B24,產品!$A$2:$E$61,5,FALSE)*F24-$R24 -> 64521.6 | J24: =YEAR(E24) -> 2020 | P24: =MID(VLOOKUP($D24,業務!$A$1:$E$11,2,FALSE),FIND("/",VLOOKUP($D24,業務!$A$1:$E$11,2,FALSE))+1,2) -> 副理 | Q24: =IF($P24="專員",1%,IF($P24="副理",1.2%,IF($P24="經理",1.5%,IF($P24="協理",1.6%,0)))) -> 0.012 | R24: =$H24*$Q24 -> 2678.4
A25: 24 | B25: 45 | C25: 264 | D25: 10 | E25: 43839 | F25: 16 | G25: 0.09 | H25: =VLOOKUP($B25,產品!$A$1:$E$61,4,FALSE)*(1-$G25)*$F25 -> 203840 | I25: =$H25-VLOOKUP($B25,產品!$A$2:$E$61,5,FALSE)*F25-$R25 -> 56201.6 | J25: =YEAR(E25) -> 2020 | P25: =MID(VLOOKUP($D25,業務!$A$1:$E$11,2,FALSE),FIND("/",VLOOKUP($D25,業務!$A$1:$E$11,2,FALSE))+1,2) -> 專員 | Q25: =IF($P25="專員",1%,IF($P25="副理",1.2%,IF($P25="經理",1.5%,IF($P25="協理",1.6%,0)))) -> 0.01 | R25: =$H25*$Q25 -> 2038.4
... A7389: 7388 | B7389: 41 | C7389: 8 | D7389: 6 | E7389: 45411 | F7389: 10 | G7389: 0.15 | H7389: =VLOOKUP($B7389,產品!$A$1:$E$61,4,FALSE)*(1-$G7389)*$F7389 -> 102000 | I7389: =$H7389-VLOOKUP($B7389,產品!$A$2:$E$61,5,FALSE)*F7389-$R7389 -> 22980 | J7389: =YEAR(E7389) -> 2024 | P7389: =MID(VLOOKUP($D7389,業務!$A$1:$E$11,2,FALSE),FIND("/",VLOOKUP($D7389,業務!$A$1:$E$11,2,FALSE))+1,2) -> 專員 | Q7389: =IF($P7389="專員",1%,IF($P7389="副理",1.2%,IF($P7389="經理",1.5%,IF($P7389="協理",1.6%,0)))) -> 0.01 | R7389: =$H7389*$Q7389 -> 1020

Sheet 業務
A1: 銷售員編號 | B1: 銷售員/職稱 | C1: 性別 | D1: 學歷 | E1: 到職日期
A2: 1 | B2: 李慶元/專員 | C2: 男生 | D2: 碩士 | E2: 38516
A3: 2 | B3: 陳治平/經理 | C3: 男生 | D3: 大學 | E3: 34000
A4: 3 | B4: 王禹錫/協理 | C4: 男生 | D4: 碩士 | E4: 32562
A5: 4 | B5: 張淑娟/副理 | C5: 女生 | D5: 大學 | E5: 39246
A6: 5 | B6: 戴晨淵/專員 | C6: 男生 | D6: 碩士 | E6: 36088
A7: 6 | B7: 吳宇森/專員 | C7: 男生 | D7: 碩士 | E7: 37061
A8: 7 | B8: 孔祥興/副理 | C8: 男生 | D8: 大學 | E8: 34957
A9: 8 | B9: 徐堉仁/專員 | C9: 男生 | D9: 碩士 | E9: 35248
A10: 9 | B10: 葉于慧/經理 | C10: 女生 | D10: 碩士 | E10: 34278
A11: 10 | B11: 蔡元暄/專員 | C11: 女生 | D11: 大學 | E11: 33393

Sheet 題目說明
B2: 此題５０分
B3: 改檔名: 學號_姓名.xlsx 這是第一個要做的事情
B4: 在excel中 記得打入學號與姓名
B5: 考完試上傳檔案後 把存放在你local的檔案全部刪除
B6: 考試期間除了繳交檔案外 其餘時間不得上網 也不能使用手機 若要用洗手間 請自行前往即可 | M6: 資料視覺化 期中考 資料夾
M7: https://reurl.cc/oRzbd3
B8: 年度獲利目標成長率 使用者可以自行輸入
B9: 基礎為2023的數字 若為6% 意思就是2024年度目標訂單數 銷售總額 獲利總額要成長6% 相比於2023
B10: 目前訂單數 銷售總額 獲利總額為2024的數字 括號內的達成率為 目前訂單數/年度目標訂單數
B11: 下拉選單可以選 年度 尺寸 車色
B12: 年度分為 2020 2021 2022 2023
B13: 尺寸分為 46號 48號 50號 52號
B14: 車色分為 白色 紅色 碳纖色 黑色
B15: 儲存格為獲利
B16: 表格中的獲利 若為年度則依據年度來計算因此僅會算到2023年 也就是 休閒車2020 2021 2022 2023 登山車2020 2021 2022…等 但尺寸與車色的獲利則是累積到2024 因為他是全部的資料來計算
B17: 圖的line為總計 請留意圖中的x y 標題與表的連動關係
B18: 請作答在儀表板的工作表

Sheet 儀表板
A1: 學號: | B1: 1114572
A2: 姓名: | B2: 陳群翔 | G2: 請先打上學號姓名 儀錶板從以下開始作答 (50分)
A4: 哈士奇自行車2024銷售分析儀表板
E5: 年度目標成長率 | F5: 年度獲利目標達成率 | G5: 年度目標訂單數 | H5: 年度目標銷售總額 | I5: 年度目標獲利總額
E6: 0.1 | F6: =SUMIF(銷售總表!$J:$J,2023,銷售總表!$I:$I) / SUMIF(銷售總表!$J:$J,2022,銷售總表!$I:$I) * 100 -> 64.073425 | G6: =COUNTIF(銷售總表!$J:$J,2023) * 1.1 -> 1461.9 | H6: =SUMIF(銷售總表!$J:$J,2023,銷售總表!$H:$H) -> 126298859 | I6: =SUMIF(銷售總表!$J:$J,2023,銷售總表!$I:$I) *1+$E$6 -> 43579131
E7: 學號 | F7: 姓名 | G7: 目前訂單數 | H7: 目前銷售總額 | I7: 目前獲利總額
E8: 1114572 | F8: 陳群翔 | G8: =COUNTIF(銷售總表!$J:$J,2024) &"(" &COUNTIF(銷售總表!$J:$J,2024)/G6*100 &")" -> 211(14.4332717696149) | H8: =SUMIF(銷售總表!$J:$J,2024,銷售總表!H:H) -> 29010060 | I8: =SUMIF(銷售總表!$J:$J,2024,銷售總表!$I:$I) -> 9225985.4
D14: 尺寸 | E14: =IF($D$14="年度","2020",IF($D$14="尺寸","46號",IF($D$14="車色","白色",0))) -> 46號 | F14: =IF($D$14="年度","2021",IF($D$14="尺寸","48號",IF($D$14="車色","紅色",0))) -> 48號 | G14: =IF($D$14="年度","2022",IF($D$14="尺寸","50號",IF($D$14="車色","碳纖色",0))) -> 50號 | H14: =IF($D$14="年度","2023",IF($D$14="尺寸","52號",IF($D$14="車色","黑色",0))) -> 52號
D15: 休閒車
D16: 登山車
D17: 公路車
D18: 總計

Sheet 題目三
B2: 這是某大學的專業研究機構所做的調查結果，並發佈在各大媒體上，請幫忙重新設計這張圖，讓他更專業，更有說服力（10分）
B3: 請把成果放在下面的區塊，資料部分請依據上面的圖自行建立
B5: 圖表區 | N5: 資料區
N6: 老人福利補助
N7: 0.575 | O7: 0.575
N9: 提高生育津貼
N10: 0.623 | O10: 0.623
N12: 首購房屋補助
N13: 0.573 | O13: 0.573
N15: 青年創業貸款補貼
N16: 0.611 | O16: 0.611
N18: 各項福利政策平均
N19: =AVERAGE(N7,N10,N13,N16) -> 0.5955 | O19: =N19 -> 0.5955
B23: 我是陳群翔我的學號是1114572。我認為：依據圖表所顯示，四項福利政策之滿意度皆差距不大，其中"提高生育津貼"與"青年創業貸款津貼"都超過60%，顯示相比之下這兩個政策較受市民喜愛。
B35: ="你總共寫了"&LEN(B23)&"個文字" -> 你總共寫了92個文字

Sheet 題目二
B3: 台北要別挑選一個行政區展店，請問你建議要挑選哪裡 (10分)
B5: 圖表區 | N5: 資料區
N6: 縣市 | O6: 行政區 | P6: 銷售總額
N7: 台北市 | O7: 中正區 | P7: =SUMIF(銷售總表!$C:$C,門市!$A2,銷售總表!H:H) -> 10905601
N8: 台北市 | O8: 大同區 | P8: =SUMIF(銷售總表!$C:$C,門市!$A3,銷售總表!H:H) -> 13347933
N9: 台北市 | O9: 中山區 | P9: =SUMIF(銷售總表!$C:$C,門市!$A4,銷售總表!H:H) -> 13274079
N10: 台北市 | O10: 松山區 | P10: =SUMIF(銷售總表!$C:$C,門市!$A5,銷售總表!H:H) -> 17753474
N11: 台北市 | O11: 大安區 | P11: =SUMIF(銷售總表!$C:$C,門市!$A6,銷售總表!H:H) -> 23205088
N12: 台北市 | O12: 萬華區 | P12: =SUMIF(銷售總表!$C:$C,門市!$A7,銷售總表!H:H) -> 12916813
N13: 台北市 | O13: 信義區 | P13: =SUMIF(銷售總表!$C:$C,門市!$A8,銷售總表!H:H) -> 19532769
N14: 台北市 | O14: 士林區 | P14: =SUMIF(銷售總表!$C:$C,門市!$A9,銷售總表!H:H) -> 13881548
N15: 台北市 | O15: 北投區 | P15: =SUMIF(銷售總表!$C:$C,門市!$A10,銷售總表!H:H) -> 20598257
N16: 台北市 | O16: 內湖區 | P16: =SUMIF(銷售總表!$C:$C,門市!$A11,銷售總表!H:H) -> 18081853
N17: 台北市 | O17: 南港區 | P17: =SUMIF(銷售總表!$C:$C,門市!$A12,銷售總表!H:H) -> 13542941
N18: 台北市 | O18: 文山區 | P18: =SUMIF(銷售總表!$C:$C,門市!$A13,銷售總表!H:H) -> 16317336
B23: 我是陳群翔我的學號是1114572。我認為：這邊你講你的意見與想法
B37: ="你總共寫了"&LEN(B23)&"個文字" -> 你總共寫了33個文字

Sheet 題目四
B2: 有人說老狗玩不了新把戲 年資越老 績效越差 這是真的嗎 (10分)
B5: 圖表區 | N5: 資料區
N6: 銷售員編號 | O6: 銷售員/職稱 | P6: 到職日期 | Q6: 到職年分 | R6: 銷售金額
N7: 1 | O7: 李慶元/專員 | P7: 38516 | Q7: =YEAR($P7) -> 2005 | R7: =SUMIF(銷售總表!$D:$D,題目四!$N7,銷售總表!H:H) -> 64276340
N8: 2 | O8: 陳治平/經理 | P8: 34000 | Q8: =YEAR($P8) -> 1993 | R8: =SUMIF(銷售總表!$D:$D,題目四!$N8,銷售總表!H:H) -> 63244376
N9: 3 | O9: 王禹錫/協理 | P9: 32562 | Q9: =YEAR($P9) -> 1989 | R9: =SUMIF(銷售總表!$D:$D,題目四!$N9,銷售總表!H:H) -> 60553121
N10: 4 | O10: 張淑娟/副理 | P10: 39246 | Q10: =YEAR($P10) -> 2007 | R10: =SUMIF(銷售總表!$D:$D,題目四!$N10,銷售總表!H:H) -> 69583324
N11: 5 | O11: 戴晨淵/專員 | P11: 36088 | Q11: =YEAR($P11) -> 1998 | R11: =SUMIF(銷售總表!$D:$D,題目四!$N11,銷售總表!H:H) -> 60695803
N12: 6 | O12: 吳宇森/專員 | P12: 37061 | Q12: =YEAR($P12) -> 2001 | R12: =SUMIF(銷售總表!$D:$D,題目四!$N12,銷售總表!H:H) -> 67641286
N13: 7 | O13: 孔祥興/副理 | P13: 34957 | Q13: =YEAR($P13) -> 1995 | R13: =SUMIF(銷售總表!$D:$D,題目四!$N13,銷售總表!H:H) -> 71249994
N14: 8 | O14: 徐堉仁/專員 | P14: 35248 | Q14: =YEAR($P14) -> 1996 | R14: =SUMIF(銷售總表!$D:$D,題目四!$N14,銷售總表!H:H) -> 66211665
N15: 9 | O15: 葉于慧/經理 | P15: 34278 | Q15: =YEAR($P15) -> 1993 | R15: =SUMIF(銷售總表!$D:$D,題目四!$N15,銷售總表!H:H) -> 64362915
N16: 10 | O16: 蔡元暄/專員 | P16: 33393 | Q16: =YEAR($P16) -> 1991 | R16: =SUMIF(銷售總表!$D:$D,題目四!$N16,銷售總表!H:H) -> 62878695
B23: 我是陳群翔我的學號是1114572。我認為：依據入職年分與該銷售員的銷售總額推論，年資與績效的差異沒有絕對的關係，由圖可知1995年入職的員工相比其他更晚入職的員工為銷售總額最高的，並非題目所說的年資越老，績效越差。
B35: ="你總共寫了"&LEN(B23)&"個文字" -> 你總共寫了108個文字
