Workbook
Name aa: [1]產品維度表!#REF!
Name aaa: [1]產品維度表!#REF!
Name aaaa: [1]產品維度表!#REF!
Name 產品: [1]產品維度表!#REF!
Name 顏色: "白色,紅色"
Name 類別: [1]產品維度表!$C$13,[1]產品維度表!$C$14,[1]產品維度表!$C$26

Sheet 銷售總表
A1: 訂單編號 | B1: 產品編號 | C1: 區域編號 | D1: 銷售員編號 | E1: 日期 | F1: 銷售數量 | G1: 折扣數 | H1: 銷售金額 | I1: 獲利 | J1: 獲利率
A2: 1 | B2: 2 | C2: 3 | D2: 2 | E2: 43831 | F2: 10 | G2: 0.07 | H2: =F2*VLOOKUP(B2,產品!$A$2:$H$61,7,FALSE)*(1-銷售總表!G2) -> 9300 | I2: =H2-F2*VLOOKUP(銷售總表!B2,產品!$A$2:$H$61,8,FALSE) -> 5300 | J2: =I2/H2 -> 0.56989247
A3: 2 | B3: 60 | C3: 11 | D3: 1 | E3: 43832 | F3: 3 | G3: 0.07 | H3: =F3*VLOOKUP(B3,產品!$A$2:$H$61,7,FALSE)*(1-銷售總表!G3) -> 69750 | I3: =H3-F3*VLOOKUP(銷售總表!B3,產品!$A$2:$H$61,8,FALSE) -> 17250 | J3: =I3/H3 -> 0.24731183
A4: 3 | B4: 3 | C4: 6 | D4: 4 | E4: 43832 | F4: 40 | G4: 0.18 | H4: =F4*VLOOKUP(B4,產品!$A$2:$H$61,7,FALSE)*(1-銷售總表!G4) -> 32800 | I4: =H4-F4*VLOOKUP(銷售總表!B4,產品!$A$2:$H$61,8,FALSE) -> 16800 | J4: =I4/H4 -> 0.51219512
A5: 4 | B5: 56 | C5: 294 | D5: 6 | E5: 43833 | F5: 15 | G5: 0.15 | H5: =F5*VLOOKUP(B5,產品!$A$2:$H$61,7,FALSE)*(1-銷售總表!G5) -> 280500 | I5: =H5-F5*VLOOKUP(銷售總表!B5,產品!$A$2:$H$61,8,FALSE) -> 49500 | J5: =I5/H5 -> 0.17647059
A6: 5 | B6: 16 | C6: 285 | D6: 7 | E6: 43833 | F6: 30 | G6: 0.13 | H6: =F6*VLOOKUP(B6,產品!$A$2:$H$61,7,FALSE)*(1-銷售總表!G6) -> 46980 | I6: =H6-F6*VLOOKUP(銷售總表!B6,產品!$A$2:$H$61,8,FALSE) -> 25380 | J6: =I6/H6 -> 0.54022989
A7: 6 | B7: 26 | C7: 283 | D7: 6 | E7: 43833 | F7: 8 | G7: 0.14 | H7: =F7*VLOOKUP(B7,產品!$A$2:$H$61,7,FALSE)*(1-銷售總表!G7) -> 44720 | I7: =H7-F7*VLOOKUP(銷售總表!B7,產品!$A$2:$H$61,8,FALSE) -> 13520 | J7: =I7/H7 -> 0.30232558
A8: 7 | B8: 45 | C8: 9 | D8: 5 | E8: 43833 | F8: 6 | G8: 0.19 | H8: =F8*VLOOKUP(B8,產品!$A$2:$H$61,7,FALSE)*(1-銷售總表!G8) -> 68040 | I8: =H8-F8*VLOOKUP(銷售總表!B8,產品!$A$2:$H$61,8,FALSE) -> 13440 | J8: =I8/H8 -> 0.19753086
A9: 8 | B9: 49 | C9: 259 | D9: 9 | E9: 43833 | F9: 2 | G9: 0.07 | H9: =F9*VLOOKUP(B9,產品!$A$2:$H$61,7,FALSE)*(1-銷售總表!G9) -> 27900 | I9: =H9-F9*VLOOKUP(銷售總表!B9,產品!$A$2:$H$61,8,FALSE) -> 6900 | J9: =I9/H9 -> 0.24731183
A10: 9 | B10: 28 | C10: 262 | D10: 6 | E10: 43833 | F10: 3 | G10: 0.2 | H10: =F10*VLOOKUP(B10,產品!$A$2:$H$61,7,FALSE)*(1-銷售總表!G10) -> 18000 | I10: =H10-F10*VLOOKUP(銷售總表!B10,產品!$A$2:$H$61,8,FALSE) -> 4500 | J10: =I10/H10 -> 0.25
A11: 10 | B11: 33 | C11: 2 | D11: 7 | E11: 43834 | F11: 10 | G11: 0.17 | H11: =F11*VLOOKUP(B11,產品!$A$2:$H$61,7,FALSE)*(1-銷售總表!G11) -> 62250 | I11: =H11-F11*VLOOKUP(銷售總表!B11,產品!$A$2:$H$61,8,FALSE) -> 17250 | J11: =I11/H11 -> 0.27710843
A12: 11 | B12: 56 | C12: 112 | D12: 9 | E12: 43835 | F12: 8 | G12: 0.14 | H12: =F12*VLOOKUP(B12,產品!$A$2:$H$61,7,FALSE)*(1-銷售總表!G12) -> 151360 | I12: =H12-F12*VLOOKUP(銷售總表!B12,產品!$A$2:$H$61,8,FALSE) -> 28160 | J12: =I12/H12 -> 0.18604651
A13: 12 | B13: 28 | C13: 291 | D13: 10 | E13: 43835 | F13: 12 | G13: 0.13 | H13: =F13*VLOOKUP(B13,產品!$A$2:$H$61,7,FALSE)*(1-銷售總表!G13) -> 78300 | I13: =H13-F13*VLOOKUP(銷售總表!B13,產品!$A$2:$H$61,8,FALSE) -> 24300 | J13: =I13/H13 -> 0.31034483
... A7389: 7388 | B7389: 41 | C7389: 8 | D7389: 6 | E7389: 45411 | F7389: 10 | G7389: 0.15 | H7389: =F7389*VLOOKUP(B7389,產品!$A$2:$H$61,7,FALSE)*(1-銷售總表!G7389) -> 102000 | I7389: =H7389-F7389*VLOOKUP(銷售總表!B7389,產品!$A$2:$H$61,8,FALSE) -> 24000 | J7389: =I7389/H7389 -> 0.23529412

Sheet 產品
A1: 產品編號 | B1: 品名 | C1: 顏色 | D1: 尺寸 | E1: 大分類 | F1: 小分類 | G1: 定價 | H1: 進貨成本
A2: 1 | B2: 黑色長袖運動𥘎 | C2: =LEFT(B2,2) -> 黑色 | D2: S號 | E2: 服飾 | F2: 車服 | G2: 1000 | H2: 400
A3: 2 | B3: 黑色長袖運動𥘎 | C3: =LEFT(B3,2) -> 黑色 | D3: M號 | E3: 服飾 | F3: 車服 | G3: 1000 | H3: 400
A4: 3 | B4: 黑色長袖運動𥘎 | C4: =LEFT(B4,2) -> 黑色 | D4: L號 | E4: 服飾 | F4: 車服 | G4: 1000 | H4: 400
A5: 4 | B5: 黑色長袖運動𥘎 | C5: =LEFT(B5,2) -> 黑色 | D5: XL號 | E5: 服飾 | F5: 車服 | G5: 1000 | H5: 400
A6: 5 | B6: 藍色長袖運動𥘎 | C6: =LEFT(B6,2) -> 藍色 | D6: S號 | E6: 服飾 | F6: 車服 | G6: 1000 | H6: 400
A7: 6 | B7: 藍色長袖運動𥘎 | C7: =LEFT(B7,2) -> 藍色 | D7: M號 | E7: 服飾 | F7: 車服 | G7: 1000 | H7: 400
A8: 7 | B8: 藍色長袖運動𥘎 | C8: =LEFT(B8,2) -> 藍色 | D8: L號 | E8: 服飾 | F8: 車服 | G8: 1000 | H8: 400
A9: 8 | B9: 藍色長袖運動𥘎 | C9: =LEFT(B9,2) -> 藍色 | D9: XL號 | E9: 服飾 | F9: 車服 | G9: 1000 | H9: 400
A10: 9 | B10: 紅色長袖運動𥘎 | C10: =LEFT(B10,2) -> 紅色 | D10: S號 | E10: 服飾 | F10: 車服 | G10: 1000 | H10: 400
A11: 10 | B11: 紅色長袖運動𥘎 | C11: =LEFT(B11,2) -> 紅色 | D11: M號 | E11: 服飾 | F11: 車服 | G11: 1000 | H11: 400
A12: 11 | B12: 紅色長袖運動𥘎 | C12: =LEFT(B12,2) -> 紅色 | D12: L號 | E12: 服飾 | F12: 車服 | G12: 1000 | H12: 400
A13: 12 | B13: 紅色長袖運動𥘎 | C13: =LEFT(B13,2) -> 紅色 | D13: XL號 | E13: 服飾 | F13: 車服 | G13: 1000 | H13: 400
... A25: 24 | B25: 紅色自行車褲 | C25: =LEFT(B25,2) -> 紅色 | D25: XL號 | E25: 服飾 | F25: 車褲 | G25: 1800 | H25: 720
A26: 25 | B26: 休閒車1000型白色 | C26: 白色 | D26: 46號 | E26: 單車 | F26: 休閒車 | G26: 6000 | H26: 3600
A27: 26 | B27: 休閒車1000型白色 | C27: 白色 | D27: 48號 | E27: 單車 | F27: 休閒車 | G27: 6500 | H27: 3900
A28: 27 | B28: 休閒車1000型白色 | C28: 白色 | D28: 50號 | E28: 單車 | F28: 休閒車 | G28: 7000 | H28: 4200
A29: 28 | B29: 休閒車1000型白色 | C29: 白色 | D29: 52號 | E29: 單車 | F29: 休閒車 | G29: 7500 | H29: 4500
A30: 29 | B30: 休閒車1000型紅色 | C30: 紅色 | D30: 46號 | E30: 單車 | F30: 休閒車 | G30: 6000 | H30: 3600
A31: 30 | B31: 休閒車1000型紅色 | C31: 紅色 | D31: 48號 | E31: 單車 | F31: 休閒車 | G31: 6500 | H31: 3900
A32: 31 | B32: 休閒車1000型紅色 | C32: 紅色 | D32: 50號 | E32: 單車 | F32: 休閒車 | G32: 7000 | H32: 4200
A33: 32 | B33: 休閒車1000型紅色 | C33: 紅色 | D33: 52號 | E33: 單車 | F33: 休閒車 | G33: 7500 | H33: 4500
A34: 33 | B34: 休閒車1000型碳纖色 | C34: 碳纖色 | D34: 48號 | E34: 單車 | F34: 休閒車 | G34: 7500 | H34: 4500
A35: 34 | B35: 休閒車1000型碳纖色 | C35: 碳纖色 | D35: 50號 | E35: 單車 | F35: 休閒車 | G35: 8000 | H35: 4800
A36: 35 | B36: 休閒車1000型黑色 | C36: 黑色 | D36: 48號 | E36: 單車 | F36: 休閒車 | G36: 8500 | H36: 5100
A37: 36 | B37: 休閒車1000型黑色 | C37: 黑色 | D37: 50號 | E37: 單車 | F37: 休閒車 | G37: 9000 | H37: 5400
... A61: 60 | B61: 公路車RX型黑色 | C61: 黑色 | D61: 50號 | E61: 單車 | F61: 公路車 | G61: 25000 | H61: 17500

Sheet 門市
A1: 區域編號 | B1: 縣市 | C1: 行政區 | D1: 經度 | E1: 緯度
A2: 1 | B2: 台北市 | C2: 中正區 | D2: 121.51988 | E2: 25.032405
A3: 2 | B3: 台北市 | C3: 大同區 | D3: 121.51304 | E3: 25.063424
A4: 3 | B4: 台北市 | C4: 中山區 | D4: 121.53816 | E4: 25.069699
A5: 4 | B5: 台北市 | C5: 松山區 | D5: 121.55759 | E5: 25.059991
A6: 5 | B6: 台北市 | C6: 大安區 | D6: 121.54344 | E6: 25.02677
A7: 6 | B7: 台北市 | C7: 萬華區 | D7: 121.49799 | E7: 25.02859
A8: 7 | B8: 台北市 | C8: 信義區 | D8: 121.57167 | E8: 25.030621
A9: 8 | B9: 台北市 | C9: 士林區 | D9: 121.55085 | E9: 25.125467
A10: 9 | B10: 台北市 | C10: 北投區 | D10: 121.5178 | E10: 25.148068
A11: 10 | B11: 台北市 | C11: 內湖區 | D11: 121.59238 | E11: 25.083706
A12: 11 | B12: 台北市 | C12: 南港區 | D12: 121.60976 | E12: 25.036009
A13: 12 | B13: 台北市 | C13: 文山區 | D13: 121.57361 | E13: 24.988579
... A369: 368 | B369: 花蓮縣 | C369: 富里鄉 | D369: 121.29805 | E369: 23.196721

Sheet 業務
A1: 銷售員編號 | B1: 銷售員 | C1: 職稱 | D1: 性別 | E1: 學歷 | F1: 到職日期 | G1: 年資 | H1: 獲利
A2: 1 | B2: 李慶元 | C2: 專員 | D2: 男生 | E2: 碩士 | F2: 38516 | G2: =ROUNDUP((TODAY()-F2)/365,0) -> 19 | H2: =SUMIFS(銷售總表!$I:$I,銷售總表!$D:$D,業務!A2) -> 22401630
A3: 2 | B3: 陳治平 | C3: 經理 | D3: 男生 | E3: 大學 | F3: 34000 | G3: =ROUNDUP((TODAY()-F3)/365,0) -> 32 | H3: =SUMIFS(銷售總表!$I:$I,銷售總表!$D:$D,業務!A3) -> 22053136
A4: 3 | B4: 王禹錫 | C4: 協理 | D4: 男生 | E4: 碩士 | F4: 32562 | G4: =ROUNDUP((TODAY()-F4)/365,0) -> 36 | H4: =SUMIFS(銷售總表!$I:$I,銷售總表!$D:$D,業務!A4) -> 21107741
A5: 4 | B5: 張淑娟 | C5: 副理 | D5: 女生 | E5: 大學 | F5: 39246 | G5: =ROUNDUP((TODAY()-F5)/365,0) -> 17 | H5: =SUMIFS(銷售總表!$I:$I,銷售總表!$D:$D,業務!A5) -> 25362844
A6: 5 | B6: 戴晨淵 | C6: 專員 | D6: 男生 | E6: 碩士 | F6: 36088 | G6: =ROUNDUP((TODAY()-F6)/365,0) -> 26 | H6: =SUMIFS(銷售總表!$I:$I,銷售總表!$D:$D,業務!A6) -> 21356763
A7: 6 | B7: 吳宇森 | C7: 專員 | D7: 男生 | E7: 碩士 | F7: 37061 | G7: =ROUNDUP((TODAY()-F7)/365,0) -> 23 | H7: =SUMIFS(銷售總表!$I:$I,銷售總表!$D:$D,業務!A7) -> 23193056
A8: 7 | B8: 孔祥興 | C8: 副理 | D8: 男生 | E8: 大學 | F8: 34957 | G8: =ROUNDUP((TODAY()-F8)/365,0) -> 29 | H8: =SUMIFS(銷售總表!$I:$I,銷售總表!$D:$D,業務!A8) -> 24395954
A9: 8 | B9: 徐堉仁 | C9: 專員 | D9: 男生 | E9: 碩士 | F9: 35248 | G9: =ROUNDUP((TODAY()-F9)/365,0) -> 28 | H9: =SUMIFS(銷售總表!$I:$I,銷售總表!$D:$D,業務!A9) -> 22547525
A10: 9 | B10: 葉于慧 | C10: 經理 | D10: 女生 | E10: 碩士 | F10: 34278 | G10: =ROUNDUP((TODAY()-F10)/365,0) -> 31 | H10: =SUMIFS(銷售總表!$I:$I,銷售總表!$D:$D,業務!A10) -> 23158595
A11: 10 | B11: 蔡元暄 | C11: 專員 | D11: 女生 | E11: 大學 | F11: 33393 | G11: =ROUNDUP((TODAY()-F11)/365,0) -> 34 | H11: =SUMIFS(銷售總表!$I:$I,銷售總表!$D:$D,業務!A11) -> 21075195
