Workbook
Name NativeTimeline_數據日期_2: #N/A
Name Slicer_組別: #N/A
Name Slicer_部門別: #N/A
Name 人員: 團隊分組!$L$22:$BJ$22
Name 快速保養團隊A: 團隊分組!$N$21
Name 快速保養團隊B: 團隊分組!$O$21
Name 查修團隊A: 團隊分組!$L$21
Name 查修團隊B: 團隊分組!$M$21
Name 部門: 團隊分組!$L$21:$N$21
Name 無效數據: 團隊分組!$R$21
Name 鈑金維修組: 團隊分組!$P$21
Name 團隊: 團隊分組!$L$20:$R$20
Name 噴漆維修組: 團隊分組!$Q$21

Sheet 團隊分組
A1: 部門 | B1: 代碼
A2: M | B2: AM016 | C2: 查修團隊A
A3: M | B3: AM035 | C3: 查修團隊A
A4: M | B4: AM065 | C4: 查修團隊A
A5: M | B5: AM070 | C5: 查修團隊A
A6: M | B6: AM102 | C6: 查修團隊A | K6: 團隊 | L6: 部門
A7: M | B7: AM104 | C7: 查修團隊A | K7: 查修團隊A | L7: 引電部門
A8: M | B8: AM122 | C8: 查修團隊A | K8: 查修團隊B | L8: 板金部門
A9: M | B9: AM131 | C9: 查修團隊A | K9: 快速保養團隊A | L9: 噴漆部門
A10: M | B10: AM001 | C10: 查修團隊B | K10: 快速保養團隊B
A11: M | B11: AM002 | C11: 查修團隊B | K11: 鈑金維修組
A12: M | B12: AM003 | C12: 查修團隊B | K12: 噴漆維修組
A13: M | B13: AM007 | C13: 查修團隊B | K13: 無效數據
A14: M | B14: AM011 | C14: 查修團隊B
A15: M | B15: AM018 | C15: 查修團隊B
A16: M | B16: AM022 | C16: 查修團隊B
A17: M | B17: AM029 | C17: 查修團隊B
A18: M | B18: AM051 | C18: 查修團隊B
A19: M | B19: AM105 | C19: 查修團隊B
A20: M | B20: AM116 | C20: 查修團隊B | K20: 團隊 | L20: 查修團隊A | M20: 查修團隊B | N20: 快速保養團隊A | O20: 快速保養團隊B | P20: 鈑金維修組 | Q20: 噴漆維修組 | R20: 無效數據
A21: M | B21: AM009 | C21: 快速保養團隊A | K21: 部門 | L21: 引電部門 | M21: 板金部門 | N21: 噴漆部門
A22: M | B22: AM028 | C22: 快速保養團隊A | K22: 人員 | L22: AM016 | M22: AM035 | N22: AM065 | O22: AM070 | P22: AM102 | Q22: AM104 | R22: AM122 | S22: AM131 | T22: AM001 | U22: AM002 | V22: AM003 | W22: AM007 | X22: AM011 | Y22: AM018 | Z22: AM022 | AA22: AM029 | AB22: AM051 | AC22: AM105 | AD22: AM116 | AE22: AM009 | AF22: AM028 | AG22: AM120 | AH22: AM129 | AI22: AM137 | AJ22: AM146 | AK22: AM151 | AL22: AM152 | AM22: AM157 | AN22: AM162 | AO22: AM005 | AP22: AM013 | AQ22: AM021 | AR22: AM121 | AS22: AM126 | AT22: AM139 | AU22: AM145 | AV22: AB002 | AW22: AB004 | AX22: AB007 | AY22: AB010 | AZ22: AB011 | BA22: AA002 | BB22: AA015 | BC22: AA020 | BD22: AA023 | BE22: AA024 | BF22: AA025 | BG22: AA026 | BH22: AA027 | BI22: AA028 | BJ22: AM159
A23: M | B23: AM120 | C23: 快速保養團隊A
A24: M | B24: AM129 | C24: 快速保養團隊A
A25: M | B25: AM137 | C25: 快速保養團隊A
A26: M | B26: AM146 | C26: 快速保養團隊A
A27: M | B27: AM151 | C27: 快速保養團隊A
A28: M | B28: AM152 | C28: 快速保養團隊A
A29: M | B29: AM157 | C29: 快速保養團隊A
A30: M | B30: AM162 | C30: 快速保養團隊A
A31: M | B31: AM005 | C31: 快速保養團隊B
A32: M | B32: AM013 | C32: 快速保養團隊B
A33: M | B33: AM021 | C33: 快速保養團隊B
A34: M | B34: AM121 | C34: 快速保養團隊B
... A52: M | B52: AM159 | C52: 無效數據

Sheet 交易處理資料 
A1: 部門別 | B1: 人員代號 | C1: 售出工時 | D1: 所花費時間 | E1: 效率 | F1: 維修時間 | G1: 怠工時間 | H1: 上班時間 | I1: 生產率 | J1: 利用率 | K1: 數據日期_2 | L1: FRU | M1: 組別 | N1: MU | O1: 上班與否
A2: 噴漆部門 | B2: AA023 | C2: 0 | D2: 0 | E2: 0 | F2: 0 | G2: 0 | H2: 0 | I2: 0 | J2: 0 | K2: 45292 | L2: =(交易處理資料__3[[#This Row],[售出工時]] * 60) / 5 -> 0 | M2: =VLOOKUP(交易處理資料__3[[#This Row],[人員代號]],團隊分組!$B$1:$C$52,2,FALSE) -> 噴漆維修組 | N2: =IF(交易處理資料__3[[#This Row],[上班時間]]=0,0,交易處理資料__3[[#This Row],[售出工時]]/交易處理資料__3[[#This Row],[上班時間]]) -> 0 | O2: =IF(交易處理資料__3[[#This Row],[上班時間]]=0,"否","是") -> 否
A3: 噴漆部門 | B3: AA026 | C3: 0 | D3: 0 | E3: 0 | F3: 0 | G3: 0 | H3: 0 | I3: 0 | J3: 0 | K3: 45292 | L3: =(交易處理資料__3[[#This Row],[售出工時]] * 60) / 5 -> 0 | M3: =VLOOKUP(交易處理資料__3[[#This Row],[人員代號]],團隊分組!$B$1:$C$52,2,FALSE) -> 噴漆維修組 | N3: =IF(交易處理資料__3[[#This Row],[上班時間]]=0,0,交易處理資料__3[[#This Row],[售出工時]]/交易處理資料__3[[#This Row],[上班時間]]) -> 0 | O3: =IF(交易處理資料__3[[#This Row],[上班時間]]=0,"否","是") -> 否
A4: 噴漆部門 | B4: AA025 | C4: 0 | D4: 0 | E4: 0 | F4: 0 | G4: 0 | H4: 0 | I4: 0 | J4: 0 | K4: 45292 | L4: =(交易處理資料__3[[#This Row],[售出工時]] * 60) / 5 -> 0 | M4: =VLOOKUP(交易處理資料__3[[#This Row],[人員代號]],團隊分組!$B$1:$C$52,2,FALSE) -> 噴漆維修組 | N4: =IF(交易處理資料__3[[#This Row],[上班時間]]=0,0,交易處理資料__3[[#This Row],[售出工時]]/交易處理資料__3[[#This Row],[上班時間]]) -> 0 | O4: =IF(交易處理資料__3[[#This Row],[上班時間]]=0,"否","是") -> 否
A5: 噴漆部門 | B5: AA024 | C5: 0 | D5: 0 | E5: 0 | F5: 0 | G5: 0 | H5: 0 | I5: 0 | J5: 0 | K5: 45292 | L5: =(交易處理資料__3[[#This Row],[售出工時]] * 60) / 5 -> 0 | M5: =VLOOKUP(交易處理資料__3[[#This Row],[人員代號]],團隊分組!$B$1:$C$52,2,FALSE) -> 噴漆維修組 | N5: =IF(交易處理資料__3[[#This Row],[上班時間]]=0,0,交易處理資料__3[[#This Row],[售出工時]]/交易處理資料__3[[#This Row],[上班時間]]) -> 0 | O5: =IF(交易處理資料__3[[#This Row],[上班時間]]=0,"否","是") -> 否
A6: 噴漆部門 | B6: AA015 | C6: 0 | D6: 0 | E6: 0 | F6: 0 | G6: 0 | H6: 0 | I6: 0 | J6: 0 | K6: 45292 | L6: =(交易處理資料__3[[#This Row],[售出工時]] * 60) / 5 -> 0 | M6: =VLOOKUP(交易處理資料__3[[#This Row],[人員代號]],團隊分組!$B$1:$C$52,2,FALSE) -> 噴漆維修組 | N6: =IF(交易處理資料__3[[#This Row],[上班時間]]=0,0,交易處理資料__3[[#This Row],[售出工時]]/交易處理資料__3[[#This Row],[上班時間]]) -> 0 | O6: =IF(交易處理資料__3[[#This Row],[上班時間]]=0,"否","是") -> 否
A7: 噴漆部門 | B7: AA028 | C7: 0 | D7: 0 | E7: 0 | F7: 0 | G7: 0 | H7: 0 | I7: 0 | J7: 0 | K7: 45292 | L7: =(交易處理資料__3[[#This Row],[售出工時]] * 60) / 5 -> 0 | M7: =VLOOKUP(交易處理資料__3[[#This Row],[人員代號]],團隊分組!$B$1:$C$52,2,FALSE) -> 噴漆維修組 | N7: =IF(交易處理資料__3[[#This Row],[上班時間]]=0,0,交易處理資料__3[[#This Row],[售出工時]]/交易處理資料__3[[#This Row],[上班時間]]) -> 0 | O7: =IF(交易處理資料__3[[#This Row],[上班時間]]=0,"否","是") -> 否
A8: 噴漆部門 | B8: AA002 | C8: 0 | D8: 0 | E8: 0 | F8: 0 | G8: 0 | H8: 0 | I8: 0 | J8: 0 | K8: 45292 | L8: =(交易處理資料__3[[#This Row],[售出工時]] * 60) / 5 -> 0 | M8: =VLOOKUP(交易處理資料__3[[#This Row],[人員代號]],團隊分組!$B$1:$C$52,2,FALSE) -> 噴漆維修組 | N8: =IF(交易處理資料__3[[#This Row],[上班時間]]=0,0,交易處理資料__3[[#This Row],[售出工時]]/交易處理資料__3[[#This Row],[上班時間]]) -> 0 | O8: =IF(交易處理資料__3[[#This Row],[上班時間]]=0,"否","是") -> 否
A9: 噴漆部門 | B9: AA027 | C9: 0 | D9: 0 | E9: 0 | F9: 0 | G9: 0 | H9: 0 | I9: 0 | J9: 0 | K9: 45292 | L9: =(交易處理資料__3[[#This Row],[售出工時]] * 60) / 5 -> 0 | M9: =VLOOKUP(交易處理資料__3[[#This Row],[人員代號]],團隊分組!$B$1:$C$52,2,FALSE) -> 噴漆維修組 | N9: =IF(交易處理資料__3[[#This Row],[上班時間]]=0,0,交易處理資料__3[[#This Row],[售出工時]]/交易處理資料__3[[#This Row],[上班時間]]) -> 0 | O9: =IF(交易處理資料__3[[#This Row],[上班時間]]=0,"否","是") -> 否
A10: 噴漆部門 | B10: AA020 | C10: 0 | D10: 0 | E10: 0 | F10: 0 | G10: 0 | H10: 0 | I10: 0 | J10: 0 | K10: 45292 | L10: =(交易處理資料__3[[#This Row],[售出工時]] * 60) / 5 -> 0 | M10: =VLOOKUP(交易處理資料__3[[#This Row],[人員代號]],團隊分組!$B$1:$C$52,2,FALSE) -> 噴漆維修組 | N10: =IF(交易處理資料__3[[#This Row],[上班時間]]=0,0,交易處理資料__3[[#This Row],[售出工時]]/交易處理資料__3[[#This Row],[上班時間]]) -> 0 | O10: =IF(交易處理資料__3[[#This Row],[上班時間]]=0,"否","是") -> 否
A11: 板金部門 | B11: AB007 | C11: 0 | D11: 0 | E11: 0 | F11: 0 | G11: 0 | H11: 0 | I11: 0 | J11: 0 | K11: 45292 | L11: =(交易處理資料__3[[#This Row],[售出工時]] * 60) / 5 -> 0 | M11: =VLOOKUP(交易處理資料__3[[#This Row],[人員代號]],團隊分組!$B$1:$C$52,2,FALSE) -> 鈑金維修組 | N11: =IF(交易處理資料__3[[#This Row],[上班時間]]=0,0,交易處理資料__3[[#This Row],[售出工時]]/交易處理資料__3[[#This Row],[上班時間]]) -> 0 | O11: =IF(交易處理資料__3[[#This Row],[上班時間]]=0,"否","是") -> 否
A12: 板金部門 | B12: AB002 | C12: 0 | D12: 0 | E12: 0 | F12: 0 | G12: 0 | H12: 0 | I12: 0 | J12: 0 | K12: 45292 | L12: =(交易處理資料__3[[#This Row],[售出工時]] * 60) / 5 -> 0 | M12: =VLOOKUP(交易處理資料__3[[#This Row],[人員代號]],團隊分組!$B$1:$C$52,2,FALSE) -> 鈑金維修組 | N12: =IF(交易處理資料__3[[#This Row],[上班時間]]=0,0,交易處理資料__3[[#This Row],[售出工時]]/交易處理資料__3[[#This Row],[上班時間]]) -> 0 | O12: =IF(交易處理資料__3[[#This Row],[上班時間]]=0,"否","是") -> 否
A13: 板金部門 | B13: AB004 | C13: 0 | D13: 0 | E13: 0 | F13: 0 | G13: 0 | H13: 0 | I13: 0 | J13: 0 | K13: 45292 | L13: =(交易處理資料__3[[#This Row],[售出工時]] * 60) / 5 -> 0 | M13: =VLOOKUP(交易處理資料__3[[#This Row],[人員代號]],團隊分組!$B$1:$C$52,2,FALSE) -> 鈑金維修組 | N13: =IF(交易處理資料__3[[#This Row],[上班時間]]=0,0,交易處理資料__3[[#This Row],[售出工時]]/交易處理資料__3[[#This Row],[上班時間]]) -> 0 | O13: =IF(交易處理資料__3[[#This Row],[上班時間]]=0,"否","是") -> 否
... A3535: 引電部門 | B3535: AM065 | C3535: 0 | D3535: 0 | E3535: 0 | F3535: 0 | G3535: 0 | H3535: 0 | I3535: 0 | J3535: 0 | K3535: 45382 | L3535: =(交易處理資料__3[[#This Row],[售出工時]] * 60) / 5 -> 0 | M3535: =VLOOKUP(交易處理資料__3[[#This Row],[人員代號]],團隊分組!$B$1:$C$52,2,FALSE) -> 查修團隊A | N3535: =IF(交易處理資料__3[[#This Row],[上班時間]]=0,0,交易處理資料__3[[#This Row],[售出工時]]/交易處理資料__3[[#This Row],[上班時間]]) -> 0 | O3535: =IF(交易處理資料__3[[#This Row],[上班時間]]=0,"否","是") -> 否

Sheet 工作表1
A1: 列標籤 | B1: 平均值 - 利用率 | C1: 平均值 - 生產率 | D1: 平均值 - 效率 | F1: 列標籤 | G1: 平均值 - 效率 | K1: 列標籤 | L1: 加總 - 怠工時間 | N1: 列標籤 | O1: 加總 - 售出工時 | Q1: 列標籤 | R1: 加總 - 利用率
A2: 快速保養團隊B | B2: 41.737532 | C2: 47.943312 | D2: 70.780483 | F2: AM121 | G2: 0 | K2: 快速保養團隊B | L2: 84.56 | N2: 1月 | O2: 2987.7367 | Q2: 噴漆部門 | R2: 5130.19
A3: 快速保養團隊A | B3: 55.631803 | C3: 43.720815 | D3: 82.652018 | F3: AM152 | G3: 0 | K3: 快速保養團隊A | L3: 171.51 | N3: 1月1日 | O3: 9.55 | Q3: 板金部門 | R3: 8551.13
A4: 總計 | B4: 50.102817 | C4: 45.401085 | D4: 77.927944 | F4: AM162 | G4: 0 | K4: 總計 | L4: 256.07 | N4: 1月2日 | O4: 131.56 | Q4: 引電部門 | R4: 87066.23
F5: AM145 | G5: 60.73147 | N5: 1月3日 | O5: 164.13 | Q5: 總計 | R5: 100747.55
F6: AM120 | G6: 74.036828 | N6: 1月4日 | O6: 144.31
F7: AM126 | G7: 77.478842 | N7: 1月5日 | O7: 132.43
F8: AM137 | G8: 82.253835 | N8: 1月6日 | O8: 66.57
F9: AM021 | G9: 87.151903 | N9: 1月7日 | O9: 0
F10: AM005 | G10: 88.268145 | N10: 1月8日 | O10: 140.61
F11: AM129 | G11: 88.657779 | N11: 1月9日 | O11: 112.77
F12: AM151 | G12: 95.493734 | N12: 1月10日 | O12: 113.82
F13: AM139 | G13: 102.599 | N13: 1月11日 | O13: 133.66
F14: AM013 | G14: 112.19774 | N14: 1月12日 | O14: 93.12
F15: AM009 | G15: 113.21134 | N15: 1月13日 | O15: 24.75
F16: AM146 | G16: 125.04057 | N16: 1月14日 | O16: 0
F17: AM157 | G17: 129.02939 | N17: 1月15日 | O17: 110.75
... F19: 總計 | G19: 77.927944 | N19: 1月17日 | O19: 151.78
N20: 1月18日 | O20: 125.3
N21: 1月19日 | O21: 110.43
N22: 1月20日 | O22: 0
N23: 1月21日 | O23: 0
N24: 1月22日 | O24: 113.95
N25: 1月23日 | O25: 146.92
N26: 1月24日 | O26: 146.35
N27: 1月25日 | O27: 114.92667
N28: 1月26日 | O28: 127.45333
N29: 1月27日 | O29: 82.14
N30: 1月28日 | O30: 0
N31: 1月29日 | O31: 132.10667
... N34: 總計 | O34: 2987.7367

Sheet 儀表板
A1: BMW 車廠資料分析
