Workbook

Sheet 學生大一成績檔
A1: ID | B1: 經濟學 | C1: 計算機概論 | D1: 微積分 | E1: 會計學I | F1: 程式設計 | G1: 管理學 | H1: 會計學II | I1: 107-1平均 | J1: 107-2平均 | K1: 自然組/社會組 | L1: 國立/私立/市立 | M1: 性別
A2: 93001 | B2: 60 | C2: 61 | D2: 43 | E2: 75 | F2: 54 | G2: 66 | H2: 66 | I2: 72.7 | J2: 74.7 | O2: 經濟學 | P2: 計算機概論 | Q2: 微積分 | R2: 會計學I | S2: 程式設計 | T2: 管理學 | U2: 會計學II
A3: 93002 | B3: 55 | C3: 68 | D3: 77 | E3: 66 | F3: 30 | G3: 61 | H3: 61 | I3: 65.1 | J3: 72.3 | N3: 自然組 | O3: =AVERAGEIF($K$20:$K$42, "自然組", B$20:B$42) -> 79.166667 | P3: =AVERAGEIF($K$20:$K$42, "自然組", C$20:C$42) -> 72.166667 | Q3: =AVERAGEIF($K$20:$K$42, "自然組", D$20:D$42) -> 78.666667 | R3: =AVERAGEIF($K$20:$K$42, "自然組", E$20:E$42) -> 78.25 | S3: =AVERAGEIF($K$20:$K$42, "自然組", F$20:F$42) -> 71.083333 | T3: =AVERAGEIF($K$20:$K$42, "自然組", G$20:G$42) -> 81.25 | U3: =AVERAGEIF($K$20:$K$42, "自然組", H$20:H$42) -> 75
A4: 93003 | B4: 76 | C4: 84 | D4: 84 | E4: 84 | F4: 98 | G4: 90 | H4: 75 | I4: 85.5 | J4: 86.7 | N4: 社會組 | O4: =AVERAGEIF($K$20:$K$42, "社會組", B$20:B$42) -> 80.454545 | P4: =AVERAGEIF($K$20:$K$42, "社會組", C$20:C$42) -> 74.090909 | Q4: =AVERAGEIF($K$20:$K$42, "社會組", D$20:D$42) -> 83.272727 | R4: =AVERAGEIF($K$20:$K$42, "社會組", E$20:E$42) -> 79.454545 | S4: =AVERAGEIF($K$20:$K$42, "社會組", F$20:F$42) -> 68.090909 | T4: =AVERAGEIF($K$20:$K$42, "社會組", G$20:G$42) -> 81.818182 | U4: =AVERAGEIF($K$20:$K$42, "社會組", H$20:H$42) -> 73.909091
A5: 93004 | B5: 51 | C5: 61 | D5: 61 | E5: 68 | F5: 13 | G5: 61 | H5: 50 | I5: 53.3 | J5: 44.7
A6: 93005 | B6: 68 | C6: 72 | D6: 76 | E6: 74 | F6: 66 | G6: 87 | H6: 69 | I6: 82.2 | J6: 83.4 | O6: 經濟學 | P6: 計算機概論 | Q6: 微積分 | R6: 會計學I | S6: 程式設計 | T6: 管理學 | U6: 會計學II
A7: 93006 | B7: 58 | C7: 71 | D7: 71 | E7: 68 | F7: 56 | G7: 73 | H7: 71 | I7: 69.5 | J7: 71.8 | N7: 國立 | O7: =AVERAGEIF($L$20:$L$42, "國立", B$20:B$42) -> 81.25 | P7: =AVERAGEIF($L$20:$L$42, "國立", C$20:C$42) -> 74.666667 | Q7: =AVERAGEIF($L$20:$L$42, "國立", D$20:D$42) -> 81.333333 | R7: =AVERAGEIF($L$20:$L$42, "國立", E$20:E$42) -> 79.75 | S7: =AVERAGEIF($L$20:$L$42, "國立", F$20:F$42) -> 70.583333 | T7: =AVERAGEIF($L$20:$L$42, "國立", G$20:G$42) -> 82.666667 | U7: =AVERAGEIF($L$20:$L$42, "國立", H$20:H$42) -> 75.833333
A8: 93007 | B8: 62 | C8: 81 | D8: 62 | E8: 76 | F8: 65 | G8: 80 | H8: 74 | I8: 71.1 | J8: 67.3 | N8: 私立 | O8: =AVERAGEIF($L$20:$L$42, "私立", B$20:B$42) -> 85.5 | P8: =AVERAGEIF($L$20:$L$42, "私立", C$20:C$42) -> 78 | Q8: =AVERAGEIF($L$20:$L$42, "私立", D$20:D$42) -> 89.5 | R8: =AVERAGEIF($L$20:$L$42, "私立", E$20:E$42) -> 80.5 | S8: =AVERAGEIF($L$20:$L$42, "私立", F$20:F$42) -> 68 | T8: =AVERAGEIF($L$20:$L$42, "私立", G$20:G$42) -> 89.5 | U8: =AVERAGEIF($L$20:$L$42, "私立", H$20:H$42) -> 74.5
A9: 93008 | B9: 71 | C9: 79 | D9: 98 | E9: 86 | F9: 80 | G9: 86 | H9: 70 | I9: 87.1 | J9: 85.3 | N9: 市立 | O9: =AVERAGEIF($L$20:$L$42, "市立", B$20:B$42) -> 76.555556 | P9: =AVERAGEIF($L$20:$L$42, "市立", C$20:C$42) -> 69.888889 | Q9: =AVERAGEIF($L$20:$L$42, "市立", D$20:D$42) -> 78.333333 | R9: =AVERAGEIF($L$20:$L$42, "市立", E$20:E$42) -> 77.222222 | S9: =AVERAGEIF($L$20:$L$42, "市立", F$20:F$42) -> 68.777778 | T9: =AVERAGEIF($L$20:$L$42, "市立", G$20:G$42) -> 78.222222 | U9: =AVERAGEIF($L$20:$L$42, "市立", H$20:H$42) -> 72.666667
A10: 93009 | B10: 80 | C10: 87 | D10: 79 | E10: 84 | F10: 78 | G10: 88 | H10: 82 | I10: 88.2 | J10: 88.9
A11: 93010 | B11: 66 | C11: 71 | D11: 70 | E11: 68 | F11: 42 | G11: 83 | H11: 60 | I11: 66.1 | J11: 73.2 | O11: 經濟學 | P11: 計算機概論 | Q11: 微積分 | R11: 會計學I | S11: 程式設計 | T11: 管理學 | U11: 會計學II
A12: 93011 | B12: 74 | C12: 84 | D12: 73 | E12: 80 | F12: 68 | G12: 86 | H12: 67 | I12: 77.9 | J12: 81.1 | N12: 男生 | O12: =AVERAGEIF($M$20:$M$42, "男生", B$20:B$42) -> 80 | P12: =AVERAGEIF($M$20:$M$42, "男生", C$20:C$42) -> 72.733333 | Q12: =AVERAGEIF($M$20:$M$42, "男生", D$20:D$42) -> 80.933333 | R12: =AVERAGEIF($M$20:$M$42, "男生", E$20:E$42) -> 79.666667 | S12: =AVERAGEIF($M$20:$M$42, "男生", F$20:F$42) -> 70.466667 | T12: =AVERAGEIF($M$20:$M$42, "男生", G$20:G$42) -> 80.466667 | U12: =AVERAGEIF($M$20:$M$42, "男生", H$20:H$42) -> 75.4
A13: 93012 | B13: 64 | C13: 69 | D13: 72 | E13: 66 | F13: 48 | G13: 80 | H13: 60 | I13: 70.7 | J13: 78.1 | N13: 女生 | O13: =AVERAGEIF($M$20:$M$42, "女生", B$20:B$42) -> 79.375 | P13: =AVERAGEIF($M$20:$M$42, "女生", C$20:C$42) -> 73.75 | Q13: =AVERAGEIF($M$20:$M$42, "女生", D$20:D$42) -> 80.75 | R13: =AVERAGEIF($M$20:$M$42, "女生", E$20:E$42) -> 77.25 | S13: =AVERAGEIF($M$20:$M$42, "女生", F$20:F$42) -> 68.125 | T13: =AVERAGEIF($M$20:$M$42, "女生", G$20:G$42) -> 83.5 | U13: =AVERAGEIF($M$20:$M$42, "女生", H$20:H$42) -> 72.75
A14: 93013 | B14: 65 | C14: 76 | D14: 61 | E14: 76 | F14: 33 | G14: 82 | H14: 65 | I14: 69.2 | J14: 80.4
A15: 93014 | B15: 76 | C15: 68 | D15: 74 | E15: 75 | F15: 67 | G15: 88 | H15: 60 | I15: 72.8 | J15: 81.8
A16: 93015 | B16: 63 | C16: 80 | D16: 66 | E16: 74 | F16: 68 | G16: 77 | H16: 66 | I16: 69.7 | J16: 77.8
A17: 93016 | B17: 66 | C17: 73 | D17: 57 | E17: 80 | F17: 53 | G17: 72 | H17: 61 | I17: 69.2 | J17: 75.3
A18: 93017 | B18: 70 | C18: 77 | D18: 93 | E18: 78 | F18: 77 | G18: 90 | H18: 71 | I18: 82.1 | J18: 82.1
A19: 93018 | B19: 61 | C19: 69 | D19: 53 | E19: 68 | F19: 56 | G19: 78 | H19: 71 | I19: 71.8 | J19: 72.6
A20: 93019 | B20: 86 | C20: 74 | D20: 78 | E20: 77 | F20: 76 | G20: 70 | H20: 70 | I20: 80.4 | J20: 77.1 | K20: =VLOOKUP(A20,學生入學成績檔!B2:Y24,3) -> 自然組 | L20: =VLOOKUP(A20,學生入學成績檔!B2:Y24,4) -> 市立 | M20: =VLOOKUP(A20,學生入學成績檔!B2:Y24,5) -> 男生
A21: 93020 | B21: 73 | C21: 68 | D21: 67 | E21: 75 | F21: 65 | G21: 86 | H21: 67 | I21: 79.7 | J21: 75.1 | K21: =VLOOKUP(A21,學生入學成績檔!B3:Y25,3) -> 自然組 | L21: =VLOOKUP(A21,學生入學成績檔!B3:Y25,4) -> 國立 | M21: =VLOOKUP(A21,學生入學成績檔!B3:Y25,5) -> 女生
A22: 93021 | B22: 83 | C22: 76 | D22: 93 | E22: 82 | F22: 72 | G22: 91 | H22: 80 | I22: 84.6 | J22: 83.7 | K22: =VLOOKUP(A22,學生入學成績檔!B4:Y26,3) -> 自然組 | L22: =VLOOKUP(A22,學生入學成績檔!B4:Y26,4) -> 私立 | M22: =VLOOKUP(A22,學生入學成績檔!B4:Y26,5) -> 女生
A23: 93022 | B23: 79 | C23: 61 | D23: 73 | E23: 66 | F23: 75 | G23: 77 | H23: 73 | I23: 72.4 | J23: 77.7 | K23: =VLOOKUP(A23,學生入學成績檔!B5:Y27,3) -> 自然組 | L23: =VLOOKUP(A23,學生入學成績檔!B5:Y27,4) -> 市立 | M23: =VLOOKUP(A23,學生入學成績檔!B5:Y27,5) -> 女生
A24: 93023 | B24: 86 | C24: 80 | D24: 93 | E24: 92 | F24: 73 | G24: 100 | H24: 83 | I24: 87.7 | J24: 87.4 | K24: =VLOOKUP(A24,學生入學成績檔!B6:Y28,3) -> 自然組 | L24: =VLOOKUP(A24,學生入學成績檔!B6:Y28,4) -> 市立 | M24: =VLOOKUP(A24,學生入學成績檔!B6:Y28,5) -> 男生
A25: 93024 | B25: 73 | C25: 71 | D25: 80 | E25: 80 | F25: 91 | G25: 66 | H25: 71 | I25: 78.3 | J25: 72 | K25: =VLOOKUP(A25,學生入學成績檔!B7:Y29,3) -> 自然組 | L25: =VLOOKUP(A25,學生入學成績檔!B7:Y29,4) -> 市立 | M25: =VLOOKUP(A25,學生入學成績檔!B7:Y29,5) -> 男生
A26: 93025 | B26: 60 | C26: 66 | D26: 66 | E26: 80 | F26: 66 | G26: 84 | H26: 91 | I26: 74 | J26: 75.9 | K26: =VLOOKUP(A26,學生入學成績檔!B8:Y30,3) -> 自然組 | L26: =VLOOKUP(A26,學生入學成績檔!B8:Y30,4) -> 市立 | M26: =VLOOKUP(A26,學生入學成績檔!B8:Y30,5) -> 男生
A27: 93026 | B27: 95 | C27: 78 | D27: 86 | E27: 85 | F27: 88 | G27: 90 | H27: 79 | I27: 86.3 | J27: 85.8 | K27: =VLOOKUP(A27,學生入學成績檔!B9:Y31,3) -> 自然組 | L27: =VLOOKUP(A27,學生入學成績檔!B9:Y31,4) -> 國立 | M27: =VLOOKUP(A27,學生入學成績檔!B9:Y31,5) -> 男生
A28: 93027 | B28: 87 | C28: 84 | D28: 92 | E28: 79 | F28: 86 | G28: 94 | H28: 80 | I28: 88 | J28: 89.1 | K28: =VLOOKUP(A28,學生入學成績檔!B10:Y32,3) -> 自然組 | L28: =VLOOKUP(A28,學生入學成績檔!B10:Y32,4) -> 國立 | M28: =VLOOKUP(A28,學生入學成績檔!B10:Y32,5) -> 女生
A29: 93028 | B29: 88 | C29: 80 | D29: 86 | E29: 79 | F29: 64 | G29: 88 | H29: 69 | I29: 84.2 | J29: 80.9 | K29: =VLOOKUP(A29,學生入學成績檔!B11:Y33,3) -> 自然組 | L29: =VLOOKUP(A29,學生入學成績檔!B11:Y33,4) -> 私立 | M29: =VLOOKUP(A29,學生入學成績檔!B11:Y33,5) -> 女生
A30: 93029 | B30: 70 | C30: 66 | D30: 66 | E30: 70 | F30: 55 | G30: 75 | H30: 65 | I30: 73 | J30: 72.3 | K30: =VLOOKUP(A30,學生入學成績檔!B12:Y34,3) -> 自然組 | L30: =VLOOKUP(A30,學生入學成績檔!B12:Y34,4) -> 市立 | M30: =VLOOKUP(A30,學生入學成績檔!B12:Y34,5) -> 男生
A31: 93030 | B31: 70 | C31: 62 | D31: 64 | E31: 74 | F31: 42 | G31: 54 | H31: 72 | I31: 70.8 | J31: 69.1 | K31: =VLOOKUP(A31,學生入學成績檔!B13:Y35,3) -> 自然組 | L31: =VLOOKUP(A31,學生入學成績檔!B13:Y35,4) -> 國立 | M31: =VLOOKUP(A31,學生入學成績檔!B13:Y35,5) -> 男生
... A42: 93041 | B42: 78 | C42: 67 | D42: 82 | E42: 79 | F42: 64 | G42: 82 | H42: 74 | I42: 80.6 | J42: 80.6 | K42: =VLOOKUP(A42,學生入學成績檔!B24:Y46,3) -> 社會組 | L42: =VLOOKUP(A42,學生入學成績檔!B24:Y46,4) -> 國立 | M42: =VLOOKUP(A42,學生入學成績檔!B24:Y46,5) -> 女生

Sheet 學生入學成績檔
A1: 錄取學系中文名稱 | B1: ID | C1: 高中學力中文名稱 | D1: 自然組/社會組 | E1: 國立/私立/市立 | F1: 性別 | G1: 學測國文級分 | H1: 學測英文級分 | I1: 學測數學級分 | J1: 學測社會級分 | K1: 學測自然級分 | L1: 學測總級分 | M1: 英聽成績 | N1: 指考國文實得分數 | O1: 指考英文實得分數 | P1: 指考數學甲實得分數 | Q1: 指考數學乙實得分數 | R1: 指考歷史實得分數 | S1: 指考地理實得分數 | T1: 指考物理實得分數 | U1: 指考化學實得分數 | V1: 指考生物實得分數 | W1: 指考公民與社會實得分數 | X1: 指（術）科採計加權總分 | Y1: 考生錄取志願序
A2: 資訊管理學系(自然組) | B2: 93019 | C2: 臺中市立YYY中 | D2: =MID(A2,FIND("組",A2)-2,3) -> 自然組 | E2: =MID(C2,FIND("立",C2)-1,2) -> 市立 | F2: 男生 | G2: 9 | H2: 9 | I2: 10 | J2: 9 | K2: 10 | L2: 47 | M2: B | N2: 5960 | O2: 5175 | P2: 6720 | Q2: ----- | R2: ----- | S2: ----- | T2: 8100 | U2: 4580 | V2: ----- | W2: ----- | X2: 27163 | Y2: 16
A3: 資訊管理學系(自然組) | B3: 93020 | C3: 國立YYY中 | D3: =MID(A3,FIND("組",A3)-2,3) -> 自然組 | E3: =MID(C3,FIND("立",C3)-1,2) -> 國立 | F3: 女生 | G3: 13 | H3: 13 | I3: 8 | J3: 12 | K3: 10 | L3: 56 | M3: A | N3: 6960 | O3: 7025 | P3: 6640 | Q3: 6820 | R3: ----- | S3: ----- | T3: ----- | U3: ----- | V3: ----- | W3: ----- | X3: 30778 | Y3: 26
A4: 資訊管理學系(自然組) | B4: 93021 | C4: 私立YYY中 | D4: =MID(A4,FIND("組",A4)-2,3) -> 自然組 | E4: =MID(C4,FIND("立",C4)-1,2) -> 私立 | F4: 女生 | G4: 13 | H4: 12 | I4: 11 | J4: 13 | K4: 10 | L4: 59 | M4: B | N4: 6720 | O4: 6175 | P4: 5640 | Q4: 8200 | R4: ----- | S4: ----- | T4: 3900 | U4: 4810 | V4: 6380 | W4: ----- | X4: 27263 | Y4: 86
A5: 資訊管理學系(自然組) | B5: 93022 | C5: 高雄市立YYY中 | D5: =MID(A5,FIND("組",A5)-2,3) -> 自然組 | E5: =MID(C5,FIND("立",C5)-1,2) -> 市立 | F5: 女生 | G5: 11 | H5: 7 | I5: 13 | J5: 11 | K5: 9 | L5: 51 | M5: B | N5: 6760 | O5: 5025 | P5: 7200 | Q5: 6460 | R5: ----- | S5: ----- | T5: 3300 | U5: 3360 | V5: 4190 | W5: ----- | X5: 28698 | Y5: 54
A6: 資訊管理學系(自然組) | B6: 93023 | C6: 高雄市立YYY中 | D6: =MID(A6,FIND("組",A6)-2,3) -> 自然組 | E6: =MID(C6,FIND("立",C6)-1,2) -> 市立 | F6: 男生 | G6: 11 | H6: 12 | I6: 13 | J6: 12 | K6: 11 | L6: 59 | M6: B | N6: 6640 | O6: 6225 | P6: 5960 | Q6: 6460 | R6: ----- | S6: ----- | T6: 3600 | U6: 4580 | V6: ----- | W6: ----- | X6: 27898 | Y6: 59
A7: 資訊管理學系(自然組) | B7: 93024 | C7: 高雄市立YYY中 | D7: =MID(A7,FIND("組",A7)-2,3) -> 自然組 | E7: =MID(C7,FIND("立",C7)-1,2) -> 市立 | F7: 男生 | G7: 10 | H7: 13 | I7: 13 | J7: 9 | K7: 10 | L7: 55 | M7: B | N7: 6280 | O7: 8000 | P7: 4600 | Q7: ----- | R7: ----- | S7: ----- | T7: 4750 | U7: 5260 | V7: 5080 | W7: ----- | X7: 27480 | Y7: 56
A8: 資訊管理學系(自然組) | B8: 93025 | C8: 高雄市立YYY中 | D8: =MID(A8,FIND("組",A8)-2,3) -> 自然組 | E8: =MID(C8,FIND("立",C8)-1,2) -> 市立 | F8: 男生 | G8: 9 | H8: 12 | I8: 13 | J8: 9 | K8: 7 | L8: 50 | M8: A | N8: 6320 | O8: 7183 | P8: 6440 | Q8: 7640 | R8: ----- | S8: ----- | T8: 3000 | U8: ----- | V8: ----- | W8: ----- | X8: 29975 | Y8: 18
A9: 資訊管理學系(自然組) | B9: 93026 | C9: 國立YYY中 | D9: =MID(A9,FIND("組",A9)-2,3) -> 自然組 | E9: =MID(C9,FIND("立",C9)-1,2) -> 國立 | F9: 男生 | G9: 11 | H9: 8 | I9: 10 | J9: 12 | K9: 11 | L9: 52 | M9: B | N9: 5920 | O9: 4025 | P9: 7560 | Q9: 9040 | R9: 6840 | S9: 7900 | T9: ----- | U9: ----- | V9: ----- | W9: ----- | X9: 27078 | Y9: 25
A10: 資訊管理學系(自然組) | B10: 93027 | C10: 國立YYY中 | D10: =MID(A10,FIND("組",A10)-2,3) -> 自然組 | E10: =MID(C10,FIND("立",C10)-1,2) -> 國立 | F10: 女生 | G10: 11 | H10: 11 | I10: 11 | J10: 11 | K10: 8 | L10: 52 | M10: A | N10: 6800 | O10: 5275 | P10: 6200 | Q10: 7320 | R10: 6970 | S10: 6200 | T10: ----- | U10: ----- | V10: ----- | W10: 5720 | X10: 27113 | Y10: 45
A11: 資訊管理學系(自然組) | B11: 93028 | C11: 私立YYY中 | D11: =MID(A11,FIND("組",A11)-2,3) -> 自然組 | E11: =MID(C11,FIND("立",C11)-1,2) -> 私立 | F11: 女生 | G11: 11 | H11: 14 | I11: 8 | J11: 11 | K11: 7 | L11: 51 | M11: B | N11: 7400 | O11: 7200 | P11: 4480 | Q11: 5140 | R11: ----- | S11: ----- | T11: ----- | U11: ----- | V11: ----- | W11: ----- | X11: 27160 | Y11: 31
A12: 資訊管理學系(自然組) | B12: 93029 | C12: 臺中市立YYY中 | D12: =MID(A12,FIND("組",A12)-2,3) -> 自然組 | E12: =MID(C12,FIND("立",C12)-1,2) -> 市立 | F12: 男生 | G12: 10 | H12: 12 | I12: 7 | J12: 8 | K12: 9 | L12: 46 | M12: B | N12: 6320 | O12: 5550 | P12: 6320 | Q12: 8440 | R12: ----- | S12: ----- | T12: ----- | U12: ----- | V12: ----- | W12: ----- | X12: 27285 | Y12: 11
A13: 資訊管理學系(自然組) | B13: 93030 | C13: 國立YYY中 | D13: =MID(A13,FIND("組",A13)-2,3) -> 自然組 | E13: =MID(C13,FIND("立",C13)-1,2) -> 國立 | F13: 男生 | G13: 10 | H13: 12 | I13: 12 | J13: 12 | K13: 12 | L13: 58 | M13: A | N13: 5440 | O13: 8600 | P13: 5400 | Q13: 4780 | R13: 5480 | S13: 6800 | T13: 3200 | U13: 4610 | V13: 5040 | W13: 7080 | X13: 29140 | Y13: 68
A14: 資訊管理學系(社會組) | B14: 93031 | C14: 新北市立YYY中 | D14: =MID(A14,FIND("組",A14)-2,3) -> 社會組 | E14: =MID(C14,FIND("立",C14)-1,2) -> 市立 | F14: 男生 | G14: 11 | H14: 14 | I14: 9 | J14: 12 | K14: 11 | L14: 57 | M14: B | N14: 4720 | O14: 6825 | P14: 5320 | Q14: 9360 | R14: ----- | S14: ----- | T14: 5600 | U14: 2890 | V14: ----- | W14: ----- | X14: 33678 | Y14: 70
A15: 資訊管理學系(社會組) | B15: 93032 | C15: 國立YYY中 | D15: =MID(A15,FIND("組",A15)-2,3) -> 社會組 | E15: =MID(C15,FIND("立",C15)-1,2) -> 國立 | F15: 男生 | G15: 14 | H15: 12 | I15: 12 | J15: 13 | K15: 13 | L15: 64 | M15: B | N15: 6920 | O15: 5825 | P15: 5360 | Q15: 8680 | R15: ----- | S15: ----- | T15: 7000 | U15: 6700 | V15: ----- | W15: ----- | X15: 33018 | Y15: 33
A16: 資訊管理學系(社會組) | B16: 93033 | C16: 國立YYY中 | D16: =MID(A16,FIND("組",A16)-2,3) -> 社會組 | E16: =MID(C16,FIND("立",C16)-1,2) -> 國立 | F16: 女生 | G16: 13 | H16: 12 | I16: 9 | J16: 12 | K16: 9 | L16: 55 | M16: A | N16: 7640 | O16: 5925 | P16: 4200 | Q16: 9360 | R16: ----- | S16: ----- | T16: 4050 | U16: 4060 | V16: ----- | W16: ----- | X16: 35248 | Y16: 32
A17: 資訊管理學系(社會組) | B17: 93034 | C17: 臺中市立YYY中 | D17: =MID(A17,FIND("組",A17)-2,3) -> 社會組 | E17: =MID(C17,FIND("立",C17)-1,2) -> 市立 | F17: 男生 | G17: 13 | H17: 11 | I17: 7 | J17: 10 | K17: 11 | L17: 52 | M17: B | N17: 6160 | O17: 6575 | P17: 4920 | Q17: 8120 | R17: ----- | S17: ----- | T17: 5850 | U17: 5740 | V17: ----- | W17: ----- | X17: 32263 | Y17: 51
A18: 資訊管理學系(社會組) | B18: 93035 | C18: 國立YYY中 | D18: =MID(A18,FIND("組",A18)-2,3) -> 社會組 | E18: =MID(C18,FIND("立",C18)-1,2) -> 國立 | F18: 男生 | G18: 9 | H18: 14 | I18: 11 | J18: 12 | K18: 9 | L18: 55 | M18: A | N18: 5120 | O18: 7350 | P18: 3280 | Q18: 8440 | R18: 6690 | S18: 6800 | T18: ----- | U18: ----- | V18: ----- | W18: 5480 | X18: 33025 | Y18: 69
A19: 資訊管理學系(社會組) | B19: 93036 | C19: 臺中市立YYY中 | D19: =MID(A19,FIND("組",A19)-2,3) -> 社會組 | E19: =MID(C19,FIND("立",C19)-1,2) -> 市立 | F19: 男生 | G19: 11 | H19: 13 | I19: 10 | J19: 10 | K19: 8 | L19: 52 | M19: A | N19: 6880 | O19: 6975 | P19: ----- | Q19: 7320 | R19: 6360 | S19: 7200 | T19: ----- | U19: ----- | V19: ----- | W19: 6960 | X19: 31983 | Y19: 43
A20: 資訊管理學系(社會組) | B20: 93037 | C20: 國立YYY中 | D20: =MID(A20,FIND("組",A20)-2,3) -> 社會組 | E20: =MID(C20,FIND("立",C20)-1,2) -> 國立 | F20: 男生 | G20: 12 | H20: 11 | I20: 10 | J20: 12 | K20: 10 | L20: 55 | M20: B | N20: 7200 | O20: 5200 | P20: ----- | Q20: 8760 | R20: 7040 | S20: ----- | T20: ----- | U20: ----- | V20: ----- | W20: 4840 | X20: 32520 | Y20: 27
A21: 資訊管理學系(社會組) | B21: 93038 | C21: 國立YYY中 | D21: =MID(A21,FIND("組",A21)-2,3) -> 社會組 | E21: =MID(C21,FIND("立",C21)-1,2) -> 國立 | F21: 男生 | G21: 11 | H21: 12 | I21: 9 | J21: 12 | K21: 7 | L21: 51 | M21: B | N21: 7200 | O21: 6175 | P21: ----- | Q21: 7960 | R21: 5960 | S21: 6200 | T21: ----- | U21: ----- | V21: ----- | W21: 4600 | X21: 32383 | Y21: 17
A22: 資訊管理學系(社會組) | B22: 93039 | C22: 國立YYY中 | D22: =MID(A22,FIND("組",A22)-2,3) -> 社會組 | E22: =MID(C22,FIND("立",C22)-1,2) -> 國立 | F22: 男生 | G22: 10 | H22: 9 | I22: 13 | J22: 12 | K22: 12 | L22: 56 | M22: B | N22: 6400 | O22: 4850 | P22: ----- | Q22: 9600 | R22: ----- | S22: ----- | T22: ----- | U22: ----- | V22: ----- | W22: ----- | X22: 32875 | Y22: 38
A23: 資訊管理學系(社會組) | B23: 93040 | C23: 國立YYY中 | D23: =MID(A23,FIND("組",A23)-2,3) -> 社會組 | E23: =MID(C23,FIND("立",C23)-1,2) -> 國立 | F23: 女生 | G23: 11 | H23: 12 | I23: 10 | J23: 11 | K23: 9 | L23: 53 | M23: B | N23: 6360 | O23: 5450 | P23: ----- | Q23: 8720 | R23: 3540 | S23: 5500 | T23: ----- | U23: ----- | V23: ----- | W23: 5800 | X23: 31975 | Y23: 44
A24: 資訊管理學系(社會組) | B24: 93041 | C24: 國立YYY中 | D24: =MID(A24,FIND("組",A24)-2,3) -> 社會組 | E24: =MID(C24,FIND("立",C24)-1,2) -> 國立 | F24: 女生 | G24: 12 | H24: 11 | I24: 12 | J24: 10 | K24: 7 | L24: 52 | M24: B | N24: 6520 | O24: 4875 | P24: 7760 | Q24: 9080 | R24: 4870 | S24: 6200 | T24: ----- | U24: ----- | V24: ----- | W24: ----- | X24: 31993 | Y24: 40
