Workbook
Name Slicer_月__數據日期_2: #N/A
Name Slicer_組別: #N/A
Name Slicer_部門別: #N/A
Name 人員: 團隊分組!$L$22:$BJ$22
Name 快速保養團隊A: 團隊分組!$N$21
Name 快速保養團隊B: 團隊分組!$O$21
Name 查修團隊A: 團隊分組!$L$21
Name 查修團隊B: 團隊分組!$M$21
Name 部門: 團隊分組!$L$21:$N$21
Name 無效數據: 團隊分組!$R$21
Name 鈑金維修組: 團隊分組!$P$21
Name 團隊: 團隊分組!$L$20:$R$20
Name 噴漆維修組: 團隊分組!$Q$21

Sheet 團隊分組
A1: 部門 | B1: 代碼
A2: M | B2: AM016 | C2: 查修團隊A | D2: =VLOOKUP(熱圖!A4,'交易處理資料 '!B:O,14) -> 噴漆部門
A3: M | B3: AM035 | C3: 查修團隊A | D3: =VLOOKUP(B3,'交易處理資料 '!B:O,14) -> 引電部門
A4: M | B4: AM065 | C4: 查修團隊A | D4: =VLOOKUP(B4,'交易處理資料 '!B:O,14) -> 引電部門
A5: M | B5: AM070 | C5: 查修團隊A | D5: =VLOOKUP(B5,'交易處理資料 '!B:O,14) -> 引電部門
A6: M | B6: AM102 | C6: 查修團隊A | D6: =VLOOKUP(B6,'交易處理資料 '!B:O,14) -> 引電部門 | K6: 團隊 | L6: 部門
A7: M | B7: AM104 | C7: 查修團隊A | D7: =VLOOKUP(B7,'交易處理資料 '!B:O,14) -> 引電部門 | K7: 查修團隊A | L7: 引電部門
A8: M | B8: AM122 | C8: 查修團隊A | D8: =VLOOKUP(B8,'交易處理資料 '!B:O,14) -> 引電部門 | K8: 查修團隊B | L8: 板金部門
A9: M | B9: AM131 | C9: 查修團隊A | D9: =VLOOKUP(B9,'交易處理資料 '!B:O,14) -> 引電部門 | K9: 快速保養團隊A | L9: 噴漆部門
A10: M | B10: AM001 | C10: 查修團隊B | D10: =VLOOKUP(B10,'交易處理資料 '!B:O,14) -> 引電部門 | K10: 快速保養團隊B
A11: M | B11: AM002 | C11: 查修團隊B | D11: =VLOOKUP(B11,'交易處理資料 '!B:O,14) -> 引電部門 | K11: 鈑金維修組
A12: M | B12: AM003 | C12: 查修團隊B | D12: =VLOOKUP(B12,'交易處理資料 '!B:O,14) -> 引電部門 | K12: 噴漆維修組
A13: M | B13: AM007 | C13: 查修團隊B | D13: =VLOOKUP(B13,'交易處理資料 '!B:O,14) -> 引電部門 | K13: 無效數據
A14: M | B14: AM011 | C14: 查修團隊B | D14: =VLOOKUP(B14,'交易處理資料 '!B:O,14) -> 引電部門
A15: M | B15: AM018 | C15: 查修團隊B | D15: =VLOOKUP(B15,'交易處理資料 '!B:O,14) -> 引電部門
A16: M | B16: AM022 | C16: 查修團隊B | D16: =VLOOKUP(B16,'交易處理資料 '!B:O,14) -> 引電部門
A17: M | B17: AM029 | C17: 查修團隊B | D17: =VLOOKUP(B17,'交易處理資料 '!B:O,14) -> 引電部門
A18: M | B18: AM051 | C18: 查修團隊B | D18: =VLOOKUP(B18,'交易處理資料 '!B:O,14) -> 引電部門
A19: M | B19: AM105 | C19: 查修團隊B | D19: =VLOOKUP(B19,'交易處理資料 '!B:O,14) -> 引電部門
A20: M | B20: AM116 | C20: 查修團隊B | D20: =VLOOKUP(B20,'交易處理資料 '!B:O,14) -> 引電部門 | K20: 團隊 | L20: 查修團隊A | M20: 查修團隊B | N20: 快速保養團隊A | O20: 快速保養團隊B | P20: 鈑金維修組 | Q20: 噴漆維修組 | R20: 無效數據
A21: M | B21: AM009 | C21: 快速保養團隊A | D21: =VLOOKUP(B21,'交易處理資料 '!B:O,14) -> 引電部門 | K21: 部門 | L21: 引電部門 | M21: 板金部門 | N21: 噴漆部門
A22: M | B22: AM028 | C22: 快速保養團隊A | D22: =VLOOKUP(B22,'交易處理資料 '!B:O,14) -> 引電部門 | K22: 人員 | L22: AM016 | M22: AM035 | N22: AM065 | O22: AM070 | P22: AM102 | Q22: AM104 | R22: AM122 | S22: AM131 | T22: AM001 | U22: AM002 | V22: AM003 | W22: AM007 | X22: AM011 | Y22: AM018 | Z22: AM022 | AA22: AM029 | AB22: AM051 | AC22: AM105 | AD22: AM116 | AE22: AM009 | AF22: AM028 | AG22: AM120 | AH22: AM129 | AI22: AM137 | AJ22: AM146 | AK22: AM151 | AL22: AM152 | AM22: AM157 | AN22: AM162 | AO22: AM005 | AP22: AM013 | AQ22: AM021 | AR22: AM121 | AS22: AM126 | AT22: AM139 | AU22: AM145 | AV22: AB002 | AW22: AB004 | AX22: AB007 | AY22: AB010 | AZ22: AB011 | BA22: AA002 | BB22: AA015 | BC22: AA020 | BD22: AA023 | BE22: AA024 | BF22: AA025 | BG22: AA026 | BH22: AA027 | BI22: AA028 | BJ22: AM159
A23: M | B23: AM120 | C23: 快速保養團隊A | D23: =VLOOKUP(B23,'交易處理資料 '!B:O,14) -> 引電部門
A24: M | B24: AM129 | C24: 快速保養團隊A | D24: =VLOOKUP(B24,'交易處理資料 '!B:O,14) -> 引電部門
A25: M | B25: AM137 | C25: 快速保養團隊A | D25: =VLOOKUP(B25,'交易處理資料 '!B:O,14) -> 引電部門
A26: M | B26: AM146 | C26: 快速保養團隊A | D26: =VLOOKUP(B26,'交易處理資料 '!B:O,14) -> 引電部門
A27: M | B27: AM151 | C27: 快速保養團隊A | D27: =VLOOKUP(B27,'交易處理資料 '!B:O,14) -> 引電部門
A28: M | B28: AM152 | C28: 快速保養團隊A | D28: =VLOOKUP(B28,'交易處理資料 '!B:O,14) -> 引電部門
A29: M | B29: AM157 | C29: 快速保養團隊A | D29: =VLOOKUP(B29,'交易處理資料 '!B:O,14) -> 引電部門
A30: M | B30: AM162 | C30: 快速保養團隊A | D30: =VLOOKUP(B30,'交易處理資料 '!B:O,14) -> 引電部門
A31: M | B31: AM005 | C31: 快速保養團隊B | D31: =VLOOKUP(B31,'交易處理資料 '!B:O,14) -> 引電部門
A32: M | B32: AM013 | C32: 快速保養團隊B | D32: =VLOOKUP(B32,'交易處理資料 '!B:O,14) -> 引電部門
A33: M | B33: AM021 | C33: 快速保養團隊B | D33: =VLOOKUP(B33,'交易處理資料 '!B:O,14) -> 引電部門
A34: M | B34: AM121 | C34: 快速保養團隊B | D34: =VLOOKUP(B34,'交易處理資料 '!B:O,14) -> 引電部門
... A52: M | B52: AM159 | C52: 無效數據 | D52: =VLOOKUP(B52,'交易處理資料 '!B:O,14) -> 引電部門

Sheet 交易處理資料 
A1: 部門別 | B1: 人員代號 | C1: 售出工時 | D1: 所花費時間 | E1: 效率 | F1: 維修時間 | G1: 怠工時間 | H1: 上班時間 | I1: 生產率 | J1: 利用率 | K1: 數據日期_2 | L1: FRU | M1: 組別 | N1: 上班與否 | O1: 部門別 | P1: 效率 | Q1: 利用率 | R1: 生產率
A2: 噴漆部門 | B2: AA023 | C2: 0 | D2: 0 | E2: 0 | F2: 0 | G2: 0 | H2: 0 | I2: 0 | J2: 0 | K2: 45292 | L2: =(交易處理資料__3[[#This Row],[售出工時]] * 60) / 5 -> 0 | M2: =VLOOKUP(交易處理資料__3[[#This Row],[人員代號]],團隊分組!$B$1:$C$52,2,FALSE) -> 噴漆維修組 | N2: =IF(交易處理資料__3[[#This Row],[上班時間]]=0,"否","是") -> 否 | O2: 噴漆部門 | P2: 0 | Q2: 0 | R2: 0
A3: 噴漆部門 | B3: AA026 | C3: 0 | D3: 0 | E3: 0 | F3: 0 | G3: 0 | H3: 0 | I3: 0 | J3: 0 | K3: 45292 | L3: =(交易處理資料__3[[#This Row],[售出工時]] * 60) / 5 -> 0 | M3: =VLOOKUP(交易處理資料__3[[#This Row],[人員代號]],團隊分組!$B$1:$C$52,2,FALSE) -> 噴漆維修組 | N3: =IF(交易處理資料__3[[#This Row],[上班時間]]=0,"否","是") -> 否 | O3: 噴漆部門 | P3: 0 | Q3: 0 | R3: 0
A4: 噴漆部門 | B4: AA025 | C4: 0 | D4: 0 | E4: 0 | F4: 0 | G4: 0 | H4: 0 | I4: 0 | J4: 0 | K4: 45292 | L4: =(交易處理資料__3[[#This Row],[售出工時]] * 60) / 5 -> 0 | M4: =VLOOKUP(交易處理資料__3[[#This Row],[人員代號]],團隊分組!$B$1:$C$52,2,FALSE) -> 噴漆維修組 | N4: =IF(交易處理資料__3[[#This Row],[上班時間]]=0,"否","是") -> 否 | O4: 噴漆部門 | P4: 0 | Q4: 0 | R4: 0
A5: 噴漆部門 | B5: AA024 | C5: 0 | D5: 0 | E5: 0 | F5: 0 | G5: 0 | H5: 0 | I5: 0 | J5: 0 | K5: 45292 | L5: =(交易處理資料__3[[#This Row],[售出工時]] * 60) / 5 -> 0 | M5: =VLOOKUP(交易處理資料__3[[#This Row],[人員代號]],團隊分組!$B$1:$C$52,2,FALSE) -> 噴漆維修組 | N5: =IF(交易處理資料__3[[#This Row],[上班時間]]=0,"否","是") -> 否 | O5: 噴漆部門 | P5: 0 | Q5: 0 | R5: 0
A6: 噴漆部門 | B6: AA015 | C6: 0 | D6: 0 | E6: 0 | F6: 0 | G6: 0 | H6: 0 | I6: 0 | J6: 0 | K6: 45292 | L6: =(交易處理資料__3[[#This Row],[售出工時]] * 60) / 5 -> 0 | M6: =VLOOKUP(交易處理資料__3[[#This Row],[人員代號]],團隊分組!$B$1:$C$52,2,FALSE) -> 噴漆維修組 | N6: =IF(交易處理資料__3[[#This Row],[上班時間]]=0,"否","是") -> 否 | O6: 噴漆部門 | P6: 0 | Q6: 0 | R6: 0
A7: 噴漆部門 | B7: AA028 | C7: 0 | D7: 0 | E7: 0 | F7: 0 | G7: 0 | H7: 0 | I7: 0 | J7: 0 | K7: 45292 | L7: =(交易處理資料__3[[#This Row],[售出工時]] * 60) / 5 -> 0 | M7: =VLOOKUP(交易處理資料__3[[#This Row],[人員代號]],團隊分組!$B$1:$C$52,2,FALSE) -> 噴漆維修組 | N7: =IF(交易處理資料__3[[#This Row],[上班時間]]=0,"否","是") -> 否 | O7: 噴漆部門 | P7: 0 | Q7: 0 | R7: 0
A8: 噴漆部門 | B8: AA002 | C8: 0 | D8: 0 | E8: 0 | F8: 0 | G8: 0 | H8: 0 | I8: 0 | J8: 0 | K8: 45292 | L8: =(交易處理資料__3[[#This Row],[售出工時]] * 60) / 5 -> 0 | M8: =VLOOKUP(交易處理資料__3[[#This Row],[人員代號]],團隊分組!$B$1:$C$52,2,FALSE) -> 噴漆維修組 | N8: =IF(交易處理資料__3[[#This Row],[上班時間]]=0,"否","是") -> 否 | O8: 噴漆部門 | P8: 0 | Q8: 0 | R8: 0
A9: 噴漆部門 | B9: AA027 | C9: 0 | D9: 0 | E9: 0 | F9: 0 | G9: 0 | H9: 0 | I9: 0 | J9: 0 | K9: 45292 | L9: =(交易處理資料__3[[#This Row],[售出工時]] * 60) / 5 -> 0 | M9: =VLOOKUP(交易處理資料__3[[#This Row],[人員代號]],團隊分組!$B$1:$C$52,2,FALSE) -> 噴漆維修組 | N9: =IF(交易處理資料__3[[#This Row],[上班時間]]=0,"否","是") -> 否 | O9: 噴漆部門 | P9: 0 | Q9: 0 | R9: 0
A10: 噴漆部門 | B10: AA020 | C10: 0 | D10: 0 | E10: 0 | F10: 0 | G10: 0 | H10: 0 | I10: 0 | J10: 0 | K10: 45292 | L10: =(交易處理資料__3[[#This Row],[售出工時]] * 60) / 5 -> 0 | M10: =VLOOKUP(交易處理資料__3[[#This Row],[人員代號]],團隊分組!$B$1:$C$52,2,FALSE) -> 噴漆維修組 | N10: =IF(交易處理資料__3[[#This Row],[上班時間]]=0,"否","是") -> 否 | O10: 噴漆部門 | P10: 0 | Q10: 0 | R10: 0
A11: 板金部門 | B11: AB007 | C11: 0 | D11: 0 | E11: 0 | F11: 0 | G11: 0 | H11: 0 | I11: 0 | J11: 0 | K11: 45292 | L11: =(交易處理資料__3[[#This Row],[售出工時]] * 60) / 5 -> 0 | M11: =VLOOKUP(交易處理資料__3[[#This Row],[人員代號]],團隊分組!$B$1:$C$52,2,FALSE) -> 鈑金維修組 | N11: =IF(交易處理資料__3[[#This Row],[上班時間]]=0,"否","是") -> 否 | O11: 板金部門 | P11: 0 | Q11: 0 | R11: 0
A12: 板金部門 | B12: AB002 | C12: 0 | D12: 0 | E12: 0 | F12: 0 | G12: 0 | H12: 0 | I12: 0 | J12: 0 | K12: 45292 | L12: =(交易處理資料__3[[#This Row],[售出工時]] * 60) / 5 -> 0 | M12: =VLOOKUP(交易處理資料__3[[#This Row],[人員代號]],團隊分組!$B$1:$C$52,2,FALSE) -> 鈑金維修組 | N12: =IF(交易處理資料__3[[#This Row],[上班時間]]=0,"否","是") -> 否 | O12: 板金部門 | P12: 0 | Q12: 0 | R12: 0
A13: 板金部門 | B13: AB004 | C13: 0 | D13: 0 | E13: 0 | F13: 0 | G13: 0 | H13: 0 | I13: 0 | J13: 0 | K13: 45292 | L13: =(交易處理資料__3[[#This Row],[售出工時]] * 60) / 5 -> 0 | M13: =VLOOKUP(交易處理資料__3[[#This Row],[人員代號]],團隊分組!$B$1:$C$52,2,FALSE) -> 鈑金維修組 | N13: =IF(交易處理資料__3[[#This Row],[上班時間]]=0,"否","是") -> 否 | O13: 板金部門 | P13: 0 | Q13: 0 | R13: 0
... A3535: 引電部門 | B3535: AM065 | C3535: 0 | D3535: 0 | E3535: 0 | F3535: 0 | G3535: 0 | H3535: 0 | I3535: 0 | J3535: 0 | K3535: 45382 | L3535: =(交易處理資料__3[[#This Row],[售出工時]] * 60) / 5 -> 0 | M3535: =VLOOKUP(交易處理資料__3[[#This Row],[人員代號]],團隊分組!$B$1:$C$52,2,FALSE) -> 查修團隊A | N3535: =IF(交易處理資料__3[[#This Row],[上班時間]]=0,"否","是") -> 否 | O3535: 引電部門 | P3535: 0 | Q3535: 0 | R3535: 0

Sheet 熱圖
A1: 上班與否 | B1: 是
B3: 加總 - 售出工時 | C3: 平均值 - FRU | D3: 平均值 - 利用率 | E3: 平均值 - 生產率 | F3: 加總 - 上班時間 | G3: 加總 - 怠工時間 | H3: 加總 - 維修時間 | I3: 平均值 - 效率 | J3: 加總 - 所花費時間
A4: AA002 | B4: 95.766667 | C4: 28.029268 | D4: 0.26240732 | E4: 0.88731951 | F4: 364.83 | G4: 38.4 | H4: 326.43 | I4: 0.4751357 | J4: 130.4 | K4: =VLOOKUP(A4,'交易處理資料 '!B:O,14) -> 噴漆部門 | L4: =VLOOKUP(A4,'交易處理資料 '!B:O,12) -> 噴漆維修組
A5: AA015 | B5: 87.026667 | C5: 24.864762 | D5: 0.22774524 | E5: 0.86845 | F5: 375.81 | G5: 45.62 | H5: 330.19 | I5: 0.37955867 | J5: 123.82 | K5: =VLOOKUP(A5,'交易處理資料 '!B:O,14) -> 噴漆部門 | L5: =VLOOKUP(A5,'交易處理資料 '!B:O,12) -> 噴漆維修組
A6: AA020 | B6: 83.766667 | C6: 22.845455 | D6: 0.22702955 | E6: 0.82407955 | F6: 378.86 | G6: 63.85 | H6: 315.01 | I6: 0.42300004 | J6: 113.9 | K6: =VLOOKUP(A6,'交易處理資料 '!B:O,14) -> 噴漆部門 | L6: =VLOOKUP(A6,'交易處理資料 '!B:O,12) -> 噴漆維修組
A7: AA023 | B7: 37.186667 | C7: 11.156 | D7: 0.1119225 | E7: 0.8031375 | F7: 327.08 | G7: 63.76 | H7: 263.32 | I7: 0.14553194 | J7: 65.33 | K7: =VLOOKUP(A7,'交易處理資料 '!B:O,14) -> 噴漆部門 | L7: =VLOOKUP(A7,'交易處理資料 '!B:O,12) -> 噴漆維修組
A8: AA024 | B8: 28.26 | C8: 8.478 | D8: 0.084015 | E8: 0.7354 | F8: 329.85 | G8: 85.94 | H8: 243.91 | I8: 0.15915415 | J8: 85.96 | K8: =VLOOKUP(A8,'交易處理資料 '!B:O,14) -> 噴漆部門 | L8: =VLOOKUP(A8,'交易處理資料 '!B:O,12) -> 噴漆維修組
A9: AA025 | B9: 26.94 | C9: 8.2892308 | D9: 0.072520513 | E9: 0.85135385 | F9: 359.26 | G9: 47.89 | H9: 311.37 | I9: 0.4443842 | J9: 105.82 | K9: =VLOOKUP(A9,'交易處理資料 '!B:O,14) -> 噴漆部門 | L9: =VLOOKUP(A9,'交易處理資料 '!B:O,12) -> 噴漆維修組
A10: AA026 | B10: 30.233333 | C10: 9.5473684 | D10: 0.081021053 | E10: 0.86032368 | F10: 353.74 | G10: 43.78 | H10: 309.96 | I10: 0.17856506 | J10: 116.03 | K10: =VLOOKUP(A10,'交易處理資料 '!B:O,14) -> 噴漆部門 | L10: =VLOOKUP(A10,'交易處理資料 '!B:O,12) -> 噴漆維修組
A11: AA027 | B11: 35.636667 | C11: 10.430244 | D11: 0.10568537 | E11: 0.79190488 | F11: 339.79 | G11: 69.12 | H11: 270.67 | I11: 0.16869031 | J11: 94.29 | K11: =VLOOKUP(A11,'交易處理資料 '!B:O,14) -> 噴漆部門 | L11: =VLOOKUP(A11,'交易處理資料 '!B:O,12) -> 噴漆維修組
A12: AA028 | B12: 26.06 | C12: 8.0184615 | D12: 0.074638462 | E12: 0.85297949 | F12: 347.79 | G12: 46.13 | H12: 301.66 | I12: 0.10967693 | J12: 107.12 | K12: =VLOOKUP(A12,'交易處理資料 '!B:O,14) -> 噴漆部門 | L12: =VLOOKUP(A12,'交易處理資料 '!B:O,12) -> 噴漆維修組
A13: AB002 | B13: 185.63333 | C13: 49.502222 | D13: 0.47194889 | E13: 0.71126222 | F13: 385.86 | G13: 108.73 | H13: 277.13 | I13: 1.5907659 | J13: 127.05 | K13: =VLOOKUP(A13,'交易處理資料 '!B:O,14) -> 板金部門 | L13: =VLOOKUP(A13,'交易處理資料 '!B:O,12) -> 鈑金維修組
A14: AB004 | B14: 145.5 | C14: 47.189189 | D14: 0.48718919 | E14: 0.66581081 | F14: 299.66 | G14: 99.9 | H14: 199.76 | I14: 1.3038033 | J14: 93.57 | K14: =VLOOKUP(A14,'交易處理資料 '!B:O,14) -> 板金部門 | L14: =VLOOKUP(A14,'交易處理資料 '!B:O,12) -> 鈑金維修組
A15: AB007 | B15: 125.00667 | C15: 35.71619 | D15: 0.3676119 | E15: 0.60415952 | F15: 332.25 | G15: 125.92 | H15: 206.33 | I15: 1.017378 | J15: 69.41 | K15: =VLOOKUP(A15,'交易處理資料 '!B:O,14) -> 板金部門 | L15: =VLOOKUP(A15,'交易處理資料 '!B:O,12) -> 鈑金維修組
... A52: AM157 | B52: 435.06333 | C52: 108.76583 | D52: 1.0523021 | E52: 0.84277917 | F52: 412.75 | G52: 63.55 | H52: 349.2 | I52: 1.5358204 | J52: 282.41 | K52: =VLOOKUP(A52,'交易處理資料 '!B:O,14) -> 引電部門 | L52: =VLOOKUP(A52,'交易處理資料 '!B:O,12) -> 查修團隊A
A53: 總計 | B53: 8697.1067 | C53: 50.613618 | D53: 0.48859142 | E53: 0.7713612 | F53: 17793.67 | G53: 3945.96 | H53: 13847.71 | I53: 1.1443414 | J53: 7762.02
B65: 平均值 - FRU | C65: 平均值 - 生產率
A66: AA002 | B66: 28.029268 | C66: 0.88731951
A67: AA015 | B67: 24.864762 | C67: 0.86845
A68: AA020 | B68: 22.845455 | C68: 0.82407955
A69: AA023 | B69: 11.156 | C69: 0.8031375
A70: AA024 | B70: 8.478 | C70: 0.7354
A71: AA025 | B71: 8.2892308 | C71: 0.85135385
A72: AA026 | B72: 9.5473684 | C72: 0.86032368
A73: AA027 | B73: 10.430244 | C73: 0.79190488
A74: AA028 | B74: 8.0184615 | C74: 0.85297949
A75: AB002 | B75: 49.502222 | C75: 0.71126222
A76: AB004 | B76: 47.189189 | C76: 0.66581081
A77: AB007 | B77: 35.71619 | C77: 0.60415952
... A115: 總計 | B115: 50.613618 | C115: 0.7713612

Sheet 樞紐
A1: 上班與否 | B1: 是 | E1: 上班與否 | F1: 是 | J1: 上班與否 | K1: 是 | M1: 上班與否 | N1: 是 | P1: 上班與否 | Q1: 是 | S1: 上班與否 | T1: 是 | V1: 列標籤 | W1: 加總 - 怠工時間 | X1: 加總 - 上班時間
V2: 快速保養團隊A | W2: 535.61 | X2: 3332.47 | Z2: =GETPIVOTDATA("計數 - 上班與否",$A$3) -> 2062
A3: 列標籤 | B3: 計數 - 上班與否 | C3: 加總 - 售出工時 | E3: 列標籤 | F3: 平均值 - 生產率 | G3: 平均值 - 利用率 | H3: 平均值 - 效率 | J3: 列標籤 | K3: 平均值 - 效率 | M3: 列標籤 | N3: 平均值 - FRU | P3: 列標籤 | Q3: 加總 - 售出工時 | S3: 列標籤 | T3: 平均值 - 利用率 | V3: 快速保養團隊B | W3: 276.11 | X3: 2179.84 | Z3: =GETPIVOTDATA("加總 - 售出工時",$A$3) -> 8697.1067
A4: AA002 | B4: 41 | C4: 95.766667 | E4: 快速保養團隊A | F4: 0.83381429 | G4: 1.0984434 | H4: 1.6160565 | J4: AA002 | K4: 0.4751357 | M4: 快速保養團隊A | N4: 114.75761 | P4: 1月1日 | Q4: 9.55 | S4: 引電部門 | T4: 0.58630458 | V4: 查修團隊A | W4: 549.74 | X4: 2806.7 | Z4: =GETPIVOTDATA("加總 - 上班時間",$V$1) -> 17793.67
A5: AA015 | B5: 42 | C5: 87.026667 | E5: 快速保養團隊B | F5: 0.869517 | G5: 0.81201903 | H5: 1.4104175 | J5: AA015 | K5: 0.37955867 | M5: 快速保養團隊B | N5: 85.22834 | P5: 1月2日 | Q5: 131.56 | S5: 板金部門 | T5: 0.4014615 | V5: 查修團隊B | W5: 1466.69 | X5: 4561.04 | Z5: =GETPIVOTDATA("加總 - 怠工時間",$V$1) -> 3945.96
A6: AA020 | B6: 44 | C6: 83.766667 | E6: 查修團隊A | F6: 0.79736173 | G6: 0.32327346 | H6: 1.3706125 | J6: AA020 | K6: 0.42300004 | M6: 查修團隊A | N6: 33.365432 | P6: 1月3日 | Q6: 164.13 | S6: 噴漆部門 | T6: 0.14093929 | V6: 無效數據 | W6: 0 | X6: 0
A7: AA023 | B7: 40 | C7: 37.186667 | E7: 查修團隊B | F7: 0.67732098 | G7: 0.26928601 | H7: 1.1521077 | J7: AA023 | K7: 0.14553194 | M7: 查修團隊B | N7: 27.25724 | P7: 1月4日 | Q7: 144.31 | S7: 總計 | T7: 0.48859142 | V7: 鈑金維修組 | W7: 613.32 | X7: 1736.61
A8: AA024 | B8: 40 | C8: 28.26 | E8: 鈑金維修組 | F8: 0.6376723 | G8: 0.4014615 | H8: 1.0986014 | J8: AA024 | K8: 0.15915415 | M8: 鈑金維修組 | N8: 39.869484 | P8: 1月5日 | Q8: 132.43 | V8: 噴漆維修組 | W8: 504.49 | X8: 3177.01
A9: AA025 | B9: 39 | C9: 26.94 | E9: 噴漆維修組 | F9: 0.8304544 | G9: 0.14093929 | H9: 0.27893306 | J9: AA025 | K9: 0.4443842 | M9: 噴漆維修組 | N9: 14.864066 | P9: 1月6日 | Q9: 66.57 | V9: 總計 | W9: 3945.96 | X9: 17793.67
A10: AA026 | B10: 38 | C10: 30.233333 | E10: 總計 | F10: 0.7713612 | G10: 0.48859142 | H10: 1.1443414 | J10: AA026 | K10: 0.17856506 | M10: 總計 | N10: 50.613618 | P10: 1月8日 | Q10: 140.61
A11: AA027 | B11: 41 | C11: 35.636667 | J11: AA027 | K11: 0.16869031 | P11: 1月9日 | Q11: 112.77
A12: AA028 | B12: 39 | C12: 26.06 | J12: AA028 | K12: 0.10967693 | P12: 1月10日 | Q12: 113.82
A13: AB002 | B13: 45 | C13: 185.63333 | J13: AB002 | K13: 1.5907659 | P13: 1月11日 | Q13: 133.66
A14: AB004 | B14: 37 | C14: 145.5 | J14: AB004 | K14: 1.3038033 | P14: 1月12日 | Q14: 93.12
A15: AB007 | B15: 42 | C15: 125.00667 | J15: AB007 | K15: 1.017378 | P15: 1月13日 | Q15: 24.75
A16: AB010 | B16: 40 | C16: 88.416667 | J16: AB010 | K16: 0.72392308 | P16: 1月15日 | Q16: 110.75
A17: AB011 | B17: 49 | C17: 163.12667 | J17: AB011 | K17: 0.86714518 | P17: 1月16日 | Q17: 117.34
A18: AM001 | B18: 55 | C18: 47.596667 | J18: AM001 | K18: 0.39183829 | P18: 1月17日 | Q18: 151.78
A19: AM002 | B19: 47 | C19: 164.47 | J19: AM002 | K19: 1.2352744 | P19: 1月18日 | Q19: 125.3
A20: AM003 | B20: 56 | C20: 67.793333 | J20: AM003 | K20: 2.5192389 | P20: 1月19日 | Q20: 110.43
A21: AM005 | B21: 38 | C21: 318.11333 | J21: AM005 | K21: 1.5515216 | P21: 1月22日 | Q21: 113.95
A22: AM007 | B22: 44 | C22: 130.77 | J22: AM007 | K22: 0.91331898 | P22: 1月23日 | Q22: 146.92
... A53: 總計 | B53: 2062 | C53: 8697.1067 | J53: 總計 | K53: 1.1443414 | P53: 3月5日 | Q53: 124.5
P54: 3月6日 | Q54: 179.72667
P55: 3月7日 | Q55: 96.303333
P56: 3月8日 | Q56: 145.66
P57: 3月9日 | Q57: 81.823333
P58: 3月11日 | Q58: 158.82
P59: 3月12日 | Q59: 118.77667
P60: 3月13日 | Q60: 174.29333
P61: 3月14日 | Q61: 156.68333
P62: 3月15日 | Q62: 147.95333
P63: 3月16日 | Q63: 108.49333
P64: 3月18日 | Q64: 119.76
P65: 3月19日 | Q65: 163.94667
... P76: 總計 | Q76: 8697.1067

Sheet 儀錶板
A1: BMW 車廠資料分析
