Workbook

Sheet 工作表1
D3: 二月第一周哈士奇自行車工讀時數表 | L3: 1 | M3: 週一 | N3: 星期一 | O3: 45349 | P3: 1 | Q3: 1 | R3: 2 | S3: 3 | T3: 4 | U3: 5 | V3: 6 | W3: 7 | X3: 8 | Y3: 9 | Z3: 10
A4: 時段 | B4: 週一 | C4: 週二 | D4: 週三 | E4: 週四 | F4: 週五 | G4: 週六 | H4: 週日 | I4: 總計 | J4: 佔比 | L4: 2 | M4: 週二 | N4: 星期二 | O4: 45350 | P4: 2 | Q4: 2
A5: 早上 | B5: 38 | C5: 42 | D5: 45 | E5: 38 | F5: 62 | G5: 69 | H5: 27 | I5: =SUM(B5:H5) -> 321 | J5: =I5/$I$9 -> 0.23126801 | L5: 3 | M5: 週三 | N5: 星期三 | O5: 45351 | P5: 4 | Q5: 3
A6: 中午 | B6: 56 | C6: 36 | D6: 22 | E6: 48 | F6: 69 | G6: 78 | H6: 96 | I6: =SUM(B6:H6) -> 405 | J6: =I6/$I$9 -> 0.29178674 | L6: 4 | M6: 週四 | N6: 星期四 | O6: 45352 | P6: 8 | Q6: 4
A7: 晚上 | B7: 42 | C7: 97 | D7: 15 | E7: 49 | F7: 58 | G7: 21 | H7: 32 | I7: =SUM(B7:H7) -> 314 | J7: =I7/$I$9 -> 0.22622478 | L7: 5 | M7: 週五 | N7: 星期五 | O7: 45353 | P7: 16 | Q7: 5
A8: 凌晨 | B8: 33 | C8: 56 | D8: 43 | E8: 65 | F8: 72 | G8: 34 | H8: 45 | I8: =SUM(B8:H8) -> 348 | J8: =I8/$I$9 -> 0.25072046 | L8: 6 | M8: 週六 | N8: 星期六 | O8: 45354 | P8: 32 | Q8: 6
A9: 總計 | B9: =SUM(B5:B8) -> 169 | C9: =SUM(C5:C8) -> 231 | D9: =SUM(D5:D8) -> 125 | E9: =SUM(E5:E8) -> 200 | F9: =SUM(F5:F8) -> 261 | G9: =SUM(G5:G8) -> 202 | H9: =SUM(H5:H8) -> 200 | I9: =SUM(B9:H9) -> 1388 | J9: =I9/$I$9 -> 1 | L9: 7 | M9: 週日 | N9: 星期日 | O9: 45355 | P9: 64 | Q9: 7
A10: 佔比 | B10: =B9/$I$9 -> 0.12175793 | C10: =C9/$I$9 -> 0.16642651 | D10: =D9/$I$9 -> 0.090057637 | E10: =E9/$I$9 -> 0.14409222 | F10: =F9/$I$9 -> 0.18804035 | G10: =G9/$I$9 -> 0.14553314 | H10: =H9/$I$9 -> 0.14409222 | I10: =I9/$I$9 -> 1 | L10: 8 | M10: 週一 | N10: 星期一 | O10: 45356 | P10: 128 | Q10: 8
L11: 9 | M11: 週二 | N11: 星期二 | O11: 45357 | P11: 256 | Q11: 9
D12: 二月第一周工讀費用表 | L12: 10 | M12: 週三 | N12: 星期三 | O12: 45358 | P12: 512 | Q12: 10
A13: 時段 | B13: 週一 | C13: 週二 | D13: 週三 | E13: 週四 | F13: 週五 | G13: 週六 | H13: 週日 | I13: 總計 | J13: 佔比 | L13: 11 | M13: 週四 | N13: 星期四 | O13: 45359 | P13: 1024 | Q13: 11
A14: 早上 | L14: 12 | M14: 週五 | N14: 星期五 | O14: 45360 | P14: 2048 | Q14: 12
A15: 中午 | L15: 13 | M15: 週六 | N15: 星期六 | O15: 45361 | P15: 4096 | Q15: 13
A16: 晚上 | L16: 14 | M16: 週日 | N16: 星期日 | O16: 45362 | P16: 8192 | Q16: 14
A17: 凌晨 | L17: 15 | M17: 週一 | N17: 星期一 | O17: 45363 | P17: 16384 | Q17: 15
L18: 16 | M18: 週二 | N18: 星期二 | O18: 45364 | P18: 32768 | Q18: 16
D19: 工作表 : 工讀金表 | L19: 17 | M19: 週三 | N19: 星期三 | O19: 45365 | P19: 65536 | Q19: 17
A20: 時段 | B20: 週一 | C20: 週二 | D20: 週三 | E20: 週四 | F20: 週五 | G20: 週六 | H20: 週日 | L20: 18 | M20: 週四 | N20: 星期四 | O20: 45366 | P20: 131072 | Q20: 18
A21: 早上 | B21: 200 | C21: 200 | D21: 200 | E21: 200 | F21: 200 | G21: 250 | H21: 300 | L21: 19 | M21: 週五 | N21: 星期五 | O21: 45367 | P21: 262144 | Q21: 19
A22: 中午 | B22: 200 | C22: 200 | D22: 200 | E22: 200 | F22: 200 | G22: 250 | H22: 300 | L22: 20 | M22: 週六 | N22: 星期六 | O22: 45368 | P22: 524288 | Q22: 20
A23: 晚上 | B23: 320 | C23: 320 | D23: 320 | E23: 320 | F23: 320 | G23: 400 | H23: 480 | L23: 21 | M23: 週日 | N23: 星期日 | O23: 45369 | P23: 1048576 | Q23: 21
A24: 凌晨 | B24: 400 | C24: 400 | D24: 400 | E24: 400 | F24: 400 | G24: 500 | H24: 600 | L24: 22 | M24: 週一 | N24: 星期一 | O24: 45370 | P24: 2097152 | Q24: 22
L25: 23 | M25: 週二 | N25: 星期二 | O25: 45371 | P25: 4194304 | Q25: 23
L26: 24 | M26: 週三 | N26: 星期三 | O26: 45372 | P26: 8388608 | Q26: 24
L27: 25 | M27: 週四 | N27: 星期四 | O27: 45373 | P27: 16777216 | Q27: 25
Q28: 26
Q29: 27
Q30: 28
Q31: 29
Q32: 30
Q33: 31
Q34: 32
Q35: 33
Q36: 34
Q37: 35
Q38: 36
Q39: 37
... Q1002: 1000

Sheet 工作表2
D3: 1 | E3: 2 | F3: 3 | G3: 4 | H3: 5 | I3: 6 | J3: 7 | K3: 8 | L3: 9 | O3: 58
C4: 1 | D4: =D$3*$C4 -> 1 | E4: =E$3*$C4 -> 2 | F4: =F$3*$C4 -> 3 | G4: =G$3*$C4 -> 4 | H4: =H$3*$C4 -> 5 | I4: =I$3*$C4 -> 6 | J4: =J$3*$C4 -> 7 | K4: =K$3*$C4 -> 8 | L4: =L$3*$C4 -> 9 | O4: 66
C5: 2 | D5: =D$3*$C5 -> 2 | E5: =E$3*$C5 -> 4 | F5: =F$3*$C5 -> 6 | G5: =G$3*$C5 -> 8 | H5: =H$3*$C5 -> 10 | I5: =I$3*$C5 -> 12 | J5: =J$3*$C5 -> 14 | K5: =K$3*$C5 -> 16 | L5: =L$3*$C5 -> 18 | O5: 70
C6: 3 | D6: =D$3*$C6 -> 3 | E6: =E$3*$C6 -> 6 | F6: =F$3*$C6 -> 9 | G6: =G$3*$C6 -> 12 | H6: =H$3*$C6 -> 15 | I6: =I$3*$C6 -> 18 | J6: =J$3*$C6 -> 21 | K6: =K$3*$C6 -> 24 | L6: =L$3*$C6 -> 27 | O6: 39
C7: 4 | D7: =D$3*$C7 -> 4 | E7: =E$3*$C7 -> 8 | F7: =F$3*$C7 -> 12 | G7: =G$3*$C7 -> 16 | H7: =H$3*$C7 -> 20 | I7: =I$3*$C7 -> 24 | J7: =J$3*$C7 -> 28 | K7: =K$3*$C7 -> 32 | L7: =L$3*$C7 -> 36 | O7: 45
C8: 5 | D8: =D$3*$C8 -> 5 | E8: =E$3*$C8 -> 10 | F8: =F$3*$C8 -> 15 | G8: =G$3*$C8 -> 20 | H8: =H$3*$C8 -> 25 | I8: =I$3*$C8 -> 30 | J8: =J$3*$C8 -> 35 | K8: =K$3*$C8 -> 40 | L8: =L$3*$C8 -> 45 | O8: 28
C9: 6 | D9: =D$3*$C9 -> 6 | E9: =E$3*$C9 -> 12 | F9: =F$3*$C9 -> 18 | G9: =G$3*$C9 -> 24 | H9: =H$3*$C9 -> 30 | I9: =I$3*$C9 -> 36 | J9: =J$3*$C9 -> 42 | K9: =K$3*$C9 -> 48 | L9: =L$3*$C9 -> 54 | O9: 94
C10: 7 | D10: =D$3*$C10 -> 7 | E10: =E$3*$C10 -> 14 | F10: =F$3*$C10 -> 21 | G10: =G$3*$C10 -> 28 | H10: =H$3*$C10 -> 35 | I10: =I$3*$C10 -> 42 | J10: =J$3*$C10 -> 49 | K10: =K$3*$C10 -> 56 | L10: =L$3*$C10 -> 63 | O10: 18
C11: 8 | D11: =D$3*$C11 -> 8 | E11: =E$3*$C11 -> 16 | F11: =F$3*$C11 -> 24 | G11: =G$3*$C11 -> 32 | H11: =H$3*$C11 -> 40 | I11: =I$3*$C11 -> 48 | J11: =J$3*$C11 -> 56 | K11: =K$3*$C11 -> 64 | L11: =L$3*$C11 -> 72 | O11: 58
C12: 9 | D12: =D$3*$C12 -> 9 | E12: =E$3*$C12 -> 18 | F12: =F$3*$C12 -> 27 | G12: =G$3*$C12 -> 36 | H12: =H$3*$C12 -> 45 | I12: =I$3*$C12 -> 54 | J12: =J$3*$C12 -> 63 | K12: =K$3*$C12 -> 72 | L12: =L$3*$C12 -> 81 | O12: 70
O13: 69
O14: 36
O15: 50
O16: 78
O17: 51

Sheet Week1
D3: 二月第一周哈士奇自行車工讀時數表
A4: 時段 | B4: 週一 | C4: 週二 | D4: 週三 | E4: 週四 | F4: 週五 | G4: 週六 | H4: 週日 | I4: 總計 | J4: 佔比
A5: 早上 | B5: 38 | C5: 42 | D5: 45 | E5: 38 | F5: 62 | G5: 69 | H5: 27 | I5: =SUM(B5:H5) -> 321 | J5: =I5/$I$10 -> 0.23126801
A6: 中午 | B6: 56 | C6: 36 | D6: 22 | E6: 48 | F6: 69 | G6: 78 | H6: 96 | I6: =SUM(B6:H6) -> 405 | J6: =I6/$I$10 -> 0.29178674
A7: 晚上 | B7: 42 | C7: 97 | D7: 15 | E7: 49 | F7: 58 | G7: 21 | H7: 32 | I7: =SUM(B7:H7) -> 314 | J7: =I7/$I$10 -> 0.22622478
A8: 凌晨 | B8: 33 | C8: 56 | D8: 43 | E8: 65 | F8: 72 | G8: 34 | H8: 45 | I8: =SUM(B8:H8) -> 348 | J8: =I8/$I$10 -> 0.25072046
A9: 總計 | B9: =SUM(B5:B8) -> 169 | C9: =SUM(C5:C8) -> 231 | D9: =SUM(D5:D8) -> 125 | E9: =SUM(E5:E8) -> 200 | F9: =SUM(F5:F8) -> 261 | G9: =SUM(G5:G8) -> 202 | H9: =SUM(H5:H8) -> 200 | I9: =SUM(B9:H9) -> 1388 | J9: =I9/$I$10 -> 1
A10: 佔比 | B10: =B9/$I$10 -> 0.12175793 | C10: =C9/$I$10 -> 0.16642651 | D10: =D9/$I$10 -> 0.090057637 | E10: =E9/$I$10 -> 0.14409222 | F10: =F9/$I$10 -> 0.18804035 | G10: =G9/$I$10 -> 0.14553314 | H10: =H9/$I$10 -> 0.14409222 | I10: =I9/$I$10 -> 1
D13: 二月第一周工讀費用表
A14: 時段 | B14: 週一 | C14: 週二 | D14: 週三 | E14: 週四 | F14: 週五 | G14: 週六 | H14: 週日 | I14: 總計 | J14: 佔比
A15: 早上 | B15: =B5*工讀金表!C6 -> 7600 | C15: =C5*工讀金表!D6 -> 8400 | D15: =D5*工讀金表!E6 -> 9000 | E15: =E5*工讀金表!F6 -> 7600 | F15: =F5*工讀金表!G6 -> 12400 | G15: =G5*工讀金表!H6 -> 17250 | H15: =H5*工讀金表!I6 -> 8100 | I15: =SUM(B15:H15) -> 70350 | J15: =I15/$I$19 -> 0.16602554
A16: 中午 | B16: =B6*工讀金表!C7 -> 11200 | C16: =C6*工讀金表!D7 -> 7200 | D16: =D6*工讀金表!E7 -> 4400 | E16: =E6*工讀金表!F7 -> 9600 | F16: =F6*工讀金表!G7 -> 13800 | G16: =G6*工讀金表!H7 -> 19500 | H16: =H6*工讀金表!I7 -> 28800 | I16: =SUM(B16:H16) -> 94500 | J16: =I16/$I$19 -> 0.22301938
A17: 晚上 | B17: =B7*工讀金表!C8 -> 13440 | C17: =C7*工讀金表!D8 -> 31040 | D17: =D7*工讀金表!E8 -> 4800 | E17: =E7*工讀金表!F8 -> 15680 | F17: =F7*工讀金表!G8 -> 18560 | G17: =G7*工讀金表!H8 -> 8400 | H17: =H7*工讀金表!I8 -> 15360 | I17: =SUM(B17:H17) -> 107280 | J17: =I17/$I$19 -> 0.25318009
A18: 凌晨 | B18: =B8*工讀金表!C9 -> 13200 | C18: =C8*工讀金表!D9 -> 22400 | D18: =D8*工讀金表!E9 -> 17200 | E18: =E8*工讀金表!F9 -> 26000 | F18: =F8*工讀金表!G9 -> 28800 | G18: =G8*工讀金表!H9 -> 17000 | H18: =H8*工讀金表!I9 -> 27000 | I18: =SUM(B18:H18) -> 151600 | J18: =I18/$I$19 -> 0.357775
I19: =SUM(I15:I18) -> 423730 | J19: =SUM(J15:J18) -> 1

Sheet Week2
D3: 二月第二周哈士奇自行車工讀時數表 | L3: 5
A4: 時段 | B4: 週一 | C4: 週二 | D4: 週三 | E4: 週四 | F4: 週五 | G4: 週六 | H4: 週日 | I4: 總計 | J4: 佔比
A5: 早上 | B5: 43 | C5: 47 | D5: 50 | E5: 43 | F5: 67 | G5: 74 | H5: 32 | I5: =(SUM(B5:H5)) -> 356 | J5: =I5/$I$9 -> 0.23298429
A6: 中午 | B6: 61 | C6: 41 | D6: 27 | E6: 53 | F6: 74 | G6: 83 | H6: 101 | I6: =(SUM(B6:H6)) -> 440 | J6: =I6/$I$9 -> 0.28795812
A7: 晚上 | B7: 47 | C7: 102 | D7: 20 | E7: 54 | F7: 63 | G7: 26 | H7: 37 | I7: =(SUM(B7:H7)) -> 349 | J7: =I7/$I$9 -> 0.22840314
A8: 凌晨 | B8: 38 | C8: 61 | D8: 48 | E8: 70 | F8: 77 | G8: 39 | H8: 50 | I8: =(SUM(B8:H8)) -> 383 | J8: =I8/$I$9 -> 0.25065445
A9: 總計 | B9: =SUM(B5:B8) -> 189 | C9: =SUM(C5:C8) -> 251 | D9: =SUM(D5:D8) -> 145 | E9: =SUM(E5:E8) -> 220 | F9: =SUM(F5:F8) -> 281 | G9: =SUM(G5:G8) -> 222 | H9: =SUM(H5:H8) -> 220 | I9: =SUM(B9:H9) -> 1528 | J9: =I9/$I$9 -> 1
A10: 佔比 | B10: =B9/$I$9 -> 0.1236911 | C10: =C9/$I$9 -> 0.16426702 | D10: =D9/$I$9 -> 0.094895288 | E10: =E9/$I$9 -> 0.14397906 | F10: =F9/$I$9 -> 0.18390052 | G10: =G9/$I$9 -> 0.14528796 | H10: =H9/$I$9 -> 0.14397906 | I10: =I9/$I$9 -> 1
D13: 二月第二周工讀費用表
A14: 時段 | B14: 週一 | C14: 週二 | D14: 週三 | E14: 週四 | F14: 週五 | G14: 週六 | H14: 週日 | I14: 總計 | J14: 佔比
A15: 早上 | B15: =B5*工讀金表!C6 -> 8600 | C15: =C5*工讀金表!D6 -> 9400 | D15: =D5*工讀金表!E6 -> 10000 | E15: =E5*工讀金表!F6 -> 8600 | F15: =F5*工讀金表!G6 -> 13400 | G15: =G5*工讀金表!H6 -> 18500 | H15: =H5*工讀金表!I6 -> 9600 | I15: =SUM(B15:H15) -> 78100 | J15: =I15/$I$19 -> 0.16719115
A16: 中午 | B16: =B6*工讀金表!C7 -> 12200 | C16: =C6*工讀金表!D7 -> 8200 | D16: =D6*工讀金表!E7 -> 5400 | E16: =E6*工讀金表!F7 -> 10600 | F16: =F6*工讀金表!G7 -> 14800 | G16: =G6*工讀金表!H7 -> 20750 | H16: =H6*工讀金表!I7 -> 30300 | I16: =SUM(B16:H16) -> 102250 | J16: =I16/$I$19 -> 0.21888982
A17: 晚上 | B17: =B7*工讀金表!C8 -> 15040 | C17: =C7*工讀金表!D8 -> 32640 | D17: =D7*工讀金表!E8 -> 6400 | E17: =E7*工讀金表!F8 -> 17280 | F17: =F7*工讀金表!G8 -> 20160 | G17: =G7*工讀金表!H8 -> 10400 | H17: =H7*工讀金表!I8 -> 17760 | I17: =SUM(B17:H17) -> 119680 | J17: =I17/$I$19 -> 0.25620277
A18: 凌晨 | B18: =B8*工讀金表!C9 -> 15200 | C18: =C8*工讀金表!D9 -> 24400 | D18: =D8*工讀金表!E9 -> 19200 | E18: =E8*工讀金表!F9 -> 28000 | F18: =F8*工讀金表!G9 -> 30800 | G18: =G8*工讀金表!H9 -> 19500 | H18: =H8*工讀金表!I9 -> 30000 | I18: =SUM(B18:H18) -> 167100 | J18: =I18/$I$19 -> 0.35771627
I19: =SUM(I15:I18) -> 467130 | J19: =SUM(J15:J18) -> 1

Sheet Week3
D3: 二月第三周哈士奇自行車工讀時數表 | L3: 12
A4: 時段 | B4: 週一 | C4: 週二 | D4: 週三 | E4: 週四 | F4: 週五 | G4: 週六 | H4: 週日 | I4: 總計 | J4: 佔比
A5: 早上 | B5: 50 | C5: 54 | D5: 57 | E5: 50 | F5: 74 | G5: 81 | H5: 39 | I5: =SUM(B5:H5) -> 405 | J5: =I5/$I$9 -> 0.23491879
A6: 中午 | B6: 68 | C6: 48 | D6: 34 | E6: 60 | F6: 81 | G6: 90 | H6: 108 | I6: =SUM(B6:H6) -> 489 | J6: =I6/$I$9 -> 0.28364269
A7: 晚上 | B7: 54 | C7: 109 | D7: 27 | E7: 61 | F7: 70 | G7: 33 | H7: 44 | I7: =SUM(B7:H7) -> 398 | J7: =I7/$I$9 -> 0.23085847
A8: 凌晨 | B8: 45 | C8: 68 | D8: 55 | E8: 77 | F8: 84 | G8: 46 | H8: 57 | I8: =SUM(B8:H8) -> 432 | J8: =I8/$I$9 -> 0.25058005
A9: 總計 | B9: =SUM(B5:B8) -> 217 | C9: =SUM(C5:C8) -> 279 | D9: =SUM(D5:D8) -> 173 | E9: =SUM(E5:E8) -> 248 | F9: =SUM(F5:F8) -> 309 | G9: =SUM(G5:G8) -> 250 | H9: =SUM(H5:H8) -> 248 | I9: =SUM(B9:H9) -> 1724 | J9: =I9/$I$9 -> 1
A10: 佔比 | B10: =B9/$I$9 -> 0.12587007 | C10: =C9/$I$9 -> 0.16183295 | D10: =D9/$I$9 -> 0.10034803 | E10: =E9/$I$9 -> 0.14385151 | F10: =F9/$I$9 -> 0.17923434 | G10: =G9/$I$9 -> 0.1450116 | H10: =H9/$I$9 -> 0.14385151 | I10: =I9/$I$9 -> 1
D13: 二月第三周工讀費用表
A14: 時段 | B14: 週一 | C14: 週二 | D14: 週三 | E14: 週四 | F14: 週五 | G14: 週六 | H14: 週日 | I14: 總計 | J14: 佔比
A15: 早上 | B15: =B5*工讀金表!C6 -> 10000 | C15: =C5*工讀金表!D6 -> 10800 | D15: =D5*工讀金表!E6 -> 11400 | E15: =E5*工讀金表!F6 -> 10000 | F15: =F5*工讀金表!G6 -> 14800 | G15: =G5*工讀金表!H6 -> 20250 | H15: =H5*工讀金表!I6 -> 11700 | I15: =SUM(B15:H15) -> 88950 | J15: =I15/$I$19 -> 0.16850101
A16: 中午 | B16: =B6*工讀金表!C7 -> 13600 | C16: =C6*工讀金表!D7 -> 9600 | D16: =D6*工讀金表!E7 -> 6800 | E16: =E6*工讀金表!F7 -> 12000 | F16: =F6*工讀金表!G7 -> 16200 | G16: =G6*工讀金表!H7 -> 22500 | H16: =H6*工讀金表!I7 -> 32400 | I16: =SUM(B16:H16) -> 113100 | J16: =I16/$I$19 -> 0.21424918
A17: 晚上 | B17: =B7*工讀金表!C8 -> 17280 | C17: =C7*工讀金表!D8 -> 34880 | D17: =D7*工讀金表!E8 -> 8640 | E17: =E7*工讀金表!F8 -> 19520 | F17: =F7*工讀金表!G8 -> 22400 | G17: =G7*工讀金表!H8 -> 13200 | H17: =H7*工讀金表!I8 -> 21120 | I17: =SUM(B17:H17) -> 137040 | J17: =I17/$I$19 -> 0.25959954
A18: 凌晨 | B18: =B8*工讀金表!C9 -> 18000 | C18: =C8*工讀金表!D9 -> 27200 | D18: =D8*工讀金表!E9 -> 22000 | E18: =E8*工讀金表!F9 -> 30800 | F18: =F8*工讀金表!G9 -> 33600 | G18: =G8*工讀金表!H9 -> 23000 | H18: =H8*工讀金表!I9 -> 34200 | I18: =SUM(B18:H18) -> 188800 | J18: =I18/$I$19 -> 0.35765027
I19: =SUM(I15:I18) -> 527890 | J19: =SUM(J15:J18) -> 1

Sheet Week4
D3: 二月第四周哈士奇自行車工讀時數表 | L3: 6
A4: 時段 | B4: 週一 | C4: 週二 | D4: 週三 | E4: 週四 | F4: 週五 | G4: 週六 | H4: 週日 | I4: 總計 | J4: 佔比
A5: 早上 | B5: 32 | C5: 36 | D5: 39 | E5: 32 | F5: 56 | G5: 63 | H5: 21 | I5: =SUM(B5:H5) -> 279 | J5: =I5/$I$9 -> 0.22868852
A6: 中午 | B6: 50 | C6: 30 | D6: 16 | E6: 42 | F6: 63 | G6: 72 | H6: 90 | I6: =SUM(B6:H6) -> 363 | J6: =I6/$I$9 -> 0.29754098
A7: 晚上 | B7: 36 | C7: 91 | D7: 9 | E7: 43 | F7: 52 | G7: 15 | H7: 26 | I7: =SUM(B7:H7) -> 272 | J7: =I7/$I$9 -> 0.22295082
A8: 凌晨 | B8: 27 | C8: 50 | D8: 37 | E8: 59 | F8: 66 | G8: 28 | H8: 39 | I8: =SUM(B8:H8) -> 306 | J8: =I8/$I$9 -> 0.25081967
A9: 總計 | B9: =SUM(B5:B8) -> 145 | C9: =SUM(C5:C8) -> 207 | D9: =SUM(D5:D8) -> 101 | E9: =SUM(E5:E8) -> 176 | F9: =SUM(F5:F8) -> 237 | G9: =SUM(G5:G8) -> 178 | H9: =SUM(H5:H8) -> 176 | I9: =SUM(B9:H9) -> 1220 | J9: =I9/$I$9 -> 1
A10: 佔比 | B10: =B9/$I$9 -> 0.11885246 | C10: =C9/$I$9 -> 0.16967213 | D10: =D9/$I$9 -> 0.082786885 | E10: =E9/$I$9 -> 0.1442623 | F10: =F9/$I$9 -> 0.1942623 | G10: =G9/$I$9 -> 0.14590164 | H10: =H9/$I$9 -> 0.1442623 | I10: =I9/$I$9 -> 1
D13: 二月第四周工讀費用表
A14: 時段 | B14: 週一 | C14: 週二 | D14: 週三 | E14: 週四 | F14: 週五 | G14: 週六 | H14: 週日 | I14: 總計 | J14: 佔比
A15: 早上 | B15: =B5*工讀金表!C6 -> 6400 | C15: =C5*工讀金表!D6 -> 7200 | D15: =D5*工讀金表!E6 -> 7800 | E15: =E5*工讀金表!F6 -> 6400 | F15: =F5*工讀金表!G6 -> 11200 | G15: =G5*工讀金表!H6 -> 15750 | H15: =H5*工讀金表!I6 -> 6300 | I15: =SUM(Week4!$B15:$H15) -> 61050 | J15: =I15/$I$19 -> 0.16426746
A16: 中午 | B16: =B6*工讀金表!C7 -> 10000 | C16: =C6*工讀金表!D7 -> 6000 | D16: =D6*工讀金表!E7 -> 3200 | E16: =E6*工讀金表!F7 -> 8400 | F16: =F6*工讀金表!G7 -> 12600 | G16: =G6*工讀金表!H7 -> 18000 | H16: =H6*工讀金表!I7 -> 27000 | I16: =SUM(Week4!$B16:$H16) -> 85200 | J16: =I16/$I$19 -> 0.22924795
A17: 晚上 | B17: =B7*工讀金表!C8 -> 11520 | C17: =C7*工讀金表!D8 -> 29120 | D17: =D7*工讀金表!E8 -> 2880 | E17: =E7*工讀金表!F8 -> 13760 | F17: =F7*工讀金表!G8 -> 16640 | G17: =G7*工讀金表!H8 -> 6000 | H17: =H7*工讀金表!I8 -> 12480 | I17: =SUM(Week4!$B17:$H17) -> 92400 | J17: =I17/$I$19 -> 0.24862101
A18: 凌晨 | B18: =B8*工讀金表!C9 -> 10800 | C18: =C8*工讀金表!D9 -> 20000 | D18: =D8*工讀金表!E9 -> 14800 | E18: =E8*工讀金表!F9 -> 23600 | F18: =F8*工讀金表!G9 -> 26400 | G18: =G8*工讀金表!H9 -> 14000 | H18: =H8*工讀金表!I9 -> 23400 | I18: =SUM(Week4!$B18:$H18) -> 133000 | J18: =I18/$I$19 -> 0.35786358
I19: =SUM(I15:I18) -> 371650 | J19: =SUM(J15:J18) -> 1

Sheet Feb
D3: 二月哈士奇自行車工讀時數總表
A4: 時段 | B4: 週一 | C4: 週二 | D4: 週三 | E4: 週四 | F4: 週五 | G4: 週六 | H4: 週日 | I4: 總計 | J4: 佔比
A5: 早上 | B5: =SUM(Week1:Week4!B5) -> 163 | C5: =SUM(Week1:Week4!C5) -> 179 | D5: =SUM(Week1:Week4!D5) -> 191 | E5: =SUM(Week1:Week4!E5) -> 163 | F5: =SUM(Week1:Week4!F5) -> 259 | G5: =SUM(Week1:Week4!G5) -> 287 | H5: =SUM(Week1:Week4!H5) -> 119 | I5: =SUM(Week1:Week4!I5) -> 1361 | J5: =I5/$I$10 -> 0.23126801
A6: 中午 | B6: =SUM(Week1:Week4!B6) -> 235 | C6: =SUM(Week1:Week4!C6) -> 155 | D6: =SUM(Week1:Week4!D6) -> 99 | E6: =SUM(Week1:Week4!E6) -> 203 | F6: =SUM(Week1:Week4!F6) -> 287 | G6: =SUM(Week1:Week4!G6) -> 323 | H6: =SUM(Week1:Week4!H6) -> 395 | I6: =SUM(Week1:Week4!I6) -> 1697 | J6: =I6/$I$10 -> 0.29178674
A7: 晚上 | B7: =SUM(Week1:Week4!B7) -> 179 | C7: =SUM(Week1:Week4!C7) -> 399 | D7: =SUM(Week1:Week4!D7) -> 71 | E7: =SUM(Week1:Week4!E7) -> 207 | F7: =SUM(Week1:Week4!F7) -> 243 | G7: =SUM(Week1:Week4!G7) -> 95 | H7: =SUM(Week1:Week4!H7) -> 139 | I7: =SUM(Week1:Week4!I7) -> 1333 | J7: =I7/$I$10 -> 0.22622478
A8: 凌晨 | B8: =SUM(Week1:Week4!B8) -> 143 | C8: =SUM(Week1:Week4!C8) -> 235 | D8: =SUM(Week1:Week4!D8) -> 183 | E8: =SUM(Week1:Week4!E8) -> 271 | F8: =SUM(Week1:Week4!F8) -> 299 | G8: =SUM(Week1:Week4!G8) -> 147 | H8: =SUM(Week1:Week4!H8) -> 191 | I8: =SUM(Week1:Week4!I8) -> 1469 | J8: =I8/$I$10 -> 0.25072046
A9: 總計 | B9: =SUM(Week1:Week4!B9) -> 720 | C9: =SUM(Week1:Week4!C9) -> 968 | D9: =SUM(Week1:Week4!D9) -> 544 | E9: =SUM(Week1:Week4!E9) -> 844 | F9: =SUM(Week1:Week4!F9) -> 1088 | G9: =SUM(Week1:Week4!G9) -> 852 | H9: =SUM(Week1:Week4!H9) -> 844 | I9: =SUM(Week1:Week4!I9) -> 5860 | J9: =I9/$I$10 -> 1
A10: 佔比 | B10: =B9/$I$10 -> 0.12175793 | C10: =C9/$I$10 -> 0.16642651 | D10: =D9/$I$10 -> 0.090057637 | E10: =E9/$I$10 -> 0.14409222 | F10: =F9/$I$10 -> 0.18804035 | G10: =G9/$I$10 -> 0.14553314 | H10: =H9/$I$10 -> 0.14409222 | I10: =I9/$I$10 -> 1
D13: 二月工讀費用總表
A14: 時段 | B14: 週一 | C14: 週二 | D14: 週三 | E14: 週四 | F14: 週五 | G14: 週六 | H14: 週日 | I14: 總計 | J14: 佔比
A15: 早上 | B15: =SUM(Week1:Week4!B15) -> 32600 | C15: =SUM(Week1:Week4!C15) -> 35800 | D15: =SUM(Week1:Week4!D15) -> 38200 | E15: =SUM(Week1:Week4!E15) -> 32600 | F15: =SUM(Week1:Week4!F15) -> 51800 | G15: =SUM(Week1:Week4!G15) -> 71750 | H15: =SUM(Week1:Week4!H15) -> 35700 | I15: =SUM(B15:H15) -> 298450 | J15: =I15/$I$19 -> 0.16669459
A16: 中午 | B16: =SUM(Week1:Week4!B16) -> 47000 | C16: =SUM(Week1:Week4!C16) -> 31000 | D16: =SUM(Week1:Week4!D16) -> 19800 | E16: =SUM(Week1:Week4!E16) -> 40600 | F16: =SUM(Week1:Week4!F16) -> 57400 | G16: =SUM(Week1:Week4!G16) -> 80750 | H16: =SUM(Week1:Week4!H16) -> 118500 | I16: =SUM(B16:H16) -> 395050 | J16: =I16/$I$19 -> 0.22064902
A17: 晚上 | B17: =SUM(Week1:Week4!B17) -> 57280 | C17: =SUM(Week1:Week4!C17) -> 127680 | D17: =SUM(Week1:Week4!D17) -> 22720 | E17: =SUM(Week1:Week4!E17) -> 66240 | F17: =SUM(Week1:Week4!F17) -> 77760 | G17: =SUM(Week1:Week4!G17) -> 38000 | H17: =SUM(Week1:Week4!H17) -> 66720 | I17: =SUM(B17:H17) -> 456400 | J17: =I17/$I$19 -> 0.2549151
A18: 凌晨 | B18: =SUM(Week1:Week4!B18) -> 57200 | C18: =SUM(Week1:Week4!C18) -> 94000 | D18: =SUM(Week1:Week4!D18) -> 73200 | E18: =SUM(Week1:Week4!E18) -> 108400 | F18: =SUM(Week1:Week4!F18) -> 119600 | G18: =SUM(Week1:Week4!G18) -> 73500 | H18: =SUM(Week1:Week4!H18) -> 114600 | I18: =SUM(B18:H18) -> 640500 | J18: =I18/$I$19 -> 0.35774129
I19: =SUM(I15:I18) -> 1790400 | J19: =SUM(J15:J18) -> 1

Sheet 工讀金表
E4: 工作表 : 工讀金表
B5: 時段 | C5: 週一 | D5: 週二 | E5: 週三 | F5: 週四 | G5: 週五 | H5: 週六 | I5: 週日
B6: 早上 | C6: 200 | D6: 200 | E6: 200 | F6: 200 | G6: 200 | H6: 250 | I6: 300
B7: 中午 | C7: 200 | D7: 200 | E7: 200 | F7: 200 | G7: 200 | H7: 250 | I7: 300
B8: 晚上 | C8: 320 | D8: 320 | E8: 320 | F8: 320 | G8: 320 | H8: 400 | I8: 480
B9: 凌晨 | C9: 400 | D9: 400 | E9: 400 | F9: 400 | G9: 400 | H9: 500 | I9: 600

Sheet test
E2: 二月第一周哈士奇自行車工讀時數表
B3: 時段 | C3: 週一 | D3: 週二 | E3: 週三 | F3: 週四 | G3: 週五 | H3: 週六 | I3: 週日 | J3: 總計 | K3: 佔比
B4: 早上 | C4: 38 | D4: 42 | E4: 45 | F4: 38 | G4: 62 | H4: 69 | I4: 27 | J4: =SUM(C4:I4) -> 321
B5: 中午 | C5: 56 | D5: 36 | E5: 22 | F5: 48 | G5: 69 | H5: 78 | I5: 96 | J5: =SUM(C5:I5) -> 405
B6: 晚上 | C6: 42 | D6: 97 | E6: 15 | F6: 49 | G6: 58 | H6: 21 | I6: 32 | J6: =SUM(C6:I6) -> 314
B7: 凌晨 | C7: 33 | D7: 56 | E7: 43 | F7: 65 | G7: 72 | H7: 34 | I7: 45 | J7: =SUM(C7:I7) -> 348
B8: 總計 | C8: =SUM(C4:C7) -> 169 | D8: =SUM(D4:D7) -> 231 | E8: =SUM(E4:E7) -> 125 | F8: =SUM(F4:F7) -> 200 | G8: =SUM(G4:G7) -> 261 | H8: =SUM(H4:H7) -> 202 | I8: =SUM(I4:I7) -> 200 | J8: =SUM(C8:I8) -> 1388
B9: 佔比
E12: 二月第一周工讀費用表
B13: 時段 | C13: 週一 | D13: 週二 | E13: 週三 | F13: 週四 | G13: 週五 | H13: 週六 | I13: 週日 | J13: 總計 | K13: 佔比 | N13: 總計
B14: 早上 | C14: 7600 | D14: 8400 | E14: 9000 | F14: 7600 | G14: 12400 | H14: 17250 | I14: 8100 | J14: =SUM(C14:I14) -> 70350 | N14: =SUMPRODUCT(C4:I4,C23:I23) -> 70350
B15: 中午 | C15: 11200 | D15: 7200 | E15: 4400 | F15: 9600 | G15: 13800 | H15: 19500 | I15: 28800 | J15: =SUM(C15:I15) -> 94500 | N15: =SUMPRODUCT(C5:I5,C24:I24) -> 94500
B16: 晚上 | C16: 13440 | D16: 31040 | E16: 4800 | F16: 15680 | G16: 18560 | H16: 8400 | I16: 15360 | J16: =SUM(C16:I16) -> 107280 | N16: =SUMPRODUCT(C6:I6,C25:I25) -> 107280
B17: 凌晨 | C17: 13200 | D17: 22400 | E17: 17200 | F17: 26000 | G17: 28800 | H17: 17000 | I17: 27000 | J17: =SUM(C17:I17) -> 151600 | N17: =SUMPRODUCT(C7:I7,C26:I26) -> 151600
E21: 工作表 : 工讀金表
B22: 時段 | C22: 週一 | D22: 週二 | E22: 週三 | F22: 週四 | G22: 週五 | H22: 週六 | I22: 週日
B23: 早上 | C23: 200 | D23: 200 | E23: 200 | F23: 200 | G23: 200 | H23: 250 | I23: 300
B24: 中午 | C24: 200 | D24: 200 | E24: 200 | F24: 200 | G24: 200 | H24: 250 | I24: 300
B25: 晚上 | C25: 320 | D25: 320 | E25: 320 | F25: 320 | G25: 320 | H25: 400 | I25: 480
B26: 凌晨 | C26: 400 | D26: 400 | E26: 400 | F26: 400 | G26: 400 | H26: 500 | I26: 600
