Workbook

Sheet 第一季
A1: 哈士奇健身器材 1～3月各業務員銷售總額
B3: Kevin | C3: Lynn | D3: Magee | E3: Louis | F3: Claire | G3: Billy | H3: Erica | I3: Bella | J3: Doris | K3: Hank | L3: 合計
A4: 1月 | B4: =VLOOKUP(B$3,INDIRECT($A4&"!A2:F11"),6,FALSE) -> 2091189 | C4: =VLOOKUP(C$3,INDIRECT($A4&"!A2:F11"),6,FALSE) -> 2715965 | D4: =VLOOKUP(D$3,INDIRECT($A4&"!A2:F11"),6,FALSE) -> 1692168 | E4: =VLOOKUP(E$3,INDIRECT($A4&"!A2:F11"),6,FALSE) -> 1832467 | F4: =VLOOKUP(F$3,INDIRECT($A4&"!A2:F11"),6,FALSE) -> 2042860 | G4: =VLOOKUP(G$3,INDIRECT($A4&"!A2:F11"),6,FALSE) -> 2121694 | H4: =VLOOKUP(H$3,INDIRECT($A4&"!A2:F11"),6,FALSE) -> 2232373 | I4: =VLOOKUP(I$3,INDIRECT($A4&"!A2:F11"),6,FALSE) -> 2180120 | ... K4: =VLOOKUP(K$3,INDIRECT($A4&"!A2:F11"),6,FALSE) -> 1414659 | L4: =SUM(B4:K4) -> 20396662
A5: 2月 | B5: =VLOOKUP(B$3,INDIRECT($A5&"!A2:F11"),6,FALSE) -> 1714778 | C5: =VLOOKUP(C$3,INDIRECT($A5&"!A2:F11"),6,FALSE) -> 643323 | D5: =VLOOKUP(D$3,INDIRECT($A5&"!A2:F11"),6,FALSE) -> 2239852 | E5: =VLOOKUP(E$3,INDIRECT($A5&"!A2:F11"),6,FALSE) -> 1184630 | F5: =VLOOKUP(F$3,INDIRECT($A5&"!A2:F11"),6,FALSE) -> 1959507 | G5: =VLOOKUP(G$3,INDIRECT($A5&"!A2:F11"),6,FALSE) -> 1736630 | H5: =VLOOKUP(H$3,INDIRECT($A5&"!A2:F11"),6,FALSE) -> 1911851 | I5: =VLOOKUP(I$3,INDIRECT($A5&"!A2:F11"),6,FALSE) -> 2240933 | ... K5: =VLOOKUP(K$3,INDIRECT($A5&"!A2:F11"),6,FALSE) -> 1338842 | L5: =SUM(B5:K5) -> 16614613
A6: 3月 | B6: =VLOOKUP(B$3,INDIRECT($A6&"!A2:F11"),6,FALSE) -> 1747011 | C6: =VLOOKUP(C$3,INDIRECT($A6&"!A2:F11"),6,FALSE) -> 1720457 | D6: =VLOOKUP(D$3,INDIRECT($A6&"!A2:F11"),6,FALSE) -> 1649666 | E6: =VLOOKUP(E$3,INDIRECT($A6&"!A2:F11"),6,FALSE) -> 2290157 | F6: =VLOOKUP(F$3,INDIRECT($A6&"!A2:F11"),6,FALSE) -> 2131006 | G6: =VLOOKUP(G$3,INDIRECT($A6&"!A2:F11"),6,FALSE) -> 2741998 | H6: =VLOOKUP(H$3,INDIRECT($A6&"!A2:F11"),6,FALSE) -> 1715944 | I6: =VLOOKUP(I$3,INDIRECT($A6&"!A2:F11"),6,FALSE) -> 1721818 | ... K6: =VLOOKUP(K$3,INDIRECT($A6&"!A2:F11"),6,FALSE) -> 2939806 | L6: =SUM(B6:K6) -> 20776056
A7: 合計 | B7: =SUM(B4:B6) -> 5552978 | C7: =SUM(C4:C6) -> 5079745 | D7: =SUM(D4:D6) -> 5581686 | E7: =SUM(E4:E6) -> 5307254 | F7: =SUM(F4:F6) -> 6133373 | G7: =SUM(G4:G6) -> 6600322 | H7: =SUM(H4:H6) -> 5860168 | I7: =SUM(I4:I6) -> 6142871 | ... K7: =SUM(K4:K6) -> 5693307 | L7: =SUM(B7:K7) -> 57787331
B11: =VLOOKUP(B$3,INDIRECT($A4&"!A1:F11"),COLUMN('1月'!$F$1),FALSE) -> 2091189 | C11: =VLOOKUP(C$3,INDIRECT($A4&"!A1:F11"),COLUMN('1月'!$F$1),FALSE) -> 2715965 | D11: =VLOOKUP(D$3,INDIRECT($A4&"!A1:F11"),COLUMN('1月'!$F$1),FALSE) -> 1692168 | E11: =VLOOKUP(E$3,INDIRECT($A4&"!A1:F11"),COLUMN('1月'!$F$1),FALSE) -> 1832467 | F11: =VLOOKUP(F$3,INDIRECT($A4&"!A1:F11"),COLUMN('1月'!$F$1),FALSE) -> 2042860 | G11: =VLOOKUP(G$3,INDIRECT($A4&"!A1:F11"),COLUMN('1月'!$F$1),FALSE) -> 2121694 | H11: =VLOOKUP(H$3,INDIRECT($A4&"!A1:F11"),COLUMN('1月'!$F$1),FALSE) -> 2232373 | I11: =VLOOKUP(I$3,INDIRECT($A4&"!A1:F11"),COLUMN('1月'!$F$1),FALSE) -> 2180120 | ... K11: =VLOOKUP(K$3,INDIRECT($A4&"!A1:F11"),COLUMN('1月'!$F$1),FALSE) -> 1414659 | L11: =SUM(B11:K11) -> 20396662
B12: =VLOOKUP(B$3,INDIRECT($A5&"!A1:F11"),COLUMN('1月'!$F$1),FALSE) -> 1714778 | C12: =VLOOKUP(C$3,INDIRECT($A5&"!A1:F11"),COLUMN('1月'!$F$1),FALSE) -> 643323 | D12: =VLOOKUP(D$3,INDIRECT($A5&"!A1:F11"),COLUMN('1月'!$F$1),FALSE) -> 2239852 | E12: =VLOOKUP(E$3,INDIRECT($A5&"!A1:F11"),COLUMN('1月'!$F$1),FALSE) -> 1184630 | F12: =VLOOKUP(F$3,INDIRECT($A5&"!A1:F11"),COLUMN('1月'!$F$1),FALSE) -> 1959507 | G12: =VLOOKUP(G$3,INDIRECT($A5&"!A1:F11"),COLUMN('1月'!$F$1),FALSE) -> 1736630 | H12: =VLOOKUP(H$3,INDIRECT($A5&"!A1:F11"),COLUMN('1月'!$F$1),FALSE) -> 1911851 | I12: =VLOOKUP(I$3,INDIRECT($A5&"!A1:F11"),COLUMN('1月'!$F$1),FALSE) -> 2240933 | ... K12: =VLOOKUP(K$3,INDIRECT($A5&"!A1:F11"),COLUMN('1月'!$F$1),FALSE) -> 1338842 | L12: =SUM(B12:K12) -> 16614613
B13: =VLOOKUP(B$3,INDIRECT($A6&"!A1:F11"),COLUMN('1月'!$F$1),FALSE) -> 1747011 | C13: =VLOOKUP(C$3,INDIRECT($A6&"!A1:F11"),COLUMN('1月'!$F$1),FALSE) -> 1720457 | D13: =VLOOKUP(D$3,INDIRECT($A6&"!A1:F11"),COLUMN('1月'!$F$1),FALSE) -> 1649666 | E13: =VLOOKUP(E$3,INDIRECT($A6&"!A1:F11"),COLUMN('1月'!$F$1),FALSE) -> 2290157 | F13: =VLOOKUP(F$3,INDIRECT($A6&"!A1:F11"),COLUMN('1月'!$F$1),FALSE) -> 2131006 | G13: =VLOOKUP(G$3,INDIRECT($A6&"!A1:F11"),COLUMN('1月'!$F$1),FALSE) -> 2741998 | H13: =VLOOKUP(H$3,INDIRECT($A6&"!A1:F11"),COLUMN('1月'!$F$1),FALSE) -> 1715944 | I13: =VLOOKUP(I$3,INDIRECT($A6&"!A1:F11"),COLUMN('1月'!$F$1),FALSE) -> 1721818 | ... K13: =VLOOKUP(K$3,INDIRECT($A6&"!A1:F11"),COLUMN('1月'!$F$1),FALSE) -> 2939806 | L13: =SUM(B13:K13) -> 20776056
B14: =SUM(B11:B13) -> 5552978 | C14: =SUM(C11:C13) -> 5079745 | D14: =SUM(D11:D13) -> 5581686 | E14: =SUM(E11:E13) -> 5307254 | F14: =SUM(F11:F13) -> 6133373 | G14: =SUM(G11:G13) -> 6600322 | H14: =SUM(H11:H13) -> 5860168 | I14: =SUM(I11:I13) -> 6142871 | ... K14: =SUM(K11:K13) -> 5693307 | L14: =SUM(B14:K14) -> 57787331
B17: =VLOOKUP(B$3,INDIRECT(第一季!$A4&"!A1:F11"),6,FALSE) -> 2091189 | C17: =VLOOKUP(C$3,INDIRECT(第一季!$A4&"!A1:F11"),6,FALSE) -> 2715965 | D17: =VLOOKUP(D$3,INDIRECT(第一季!$A4&"!A1:F11"),6,FALSE) -> 1692168 | E17: =VLOOKUP(E$3,INDIRECT(第一季!$A4&"!A1:F11"),6,FALSE) -> 1832467 | F17: =VLOOKUP(F$3,INDIRECT(第一季!$A4&"!A1:F11"),6,FALSE) -> 2042860 | G17: =VLOOKUP(G$3,INDIRECT(第一季!$A4&"!A1:F11"),6,FALSE) -> 2121694 | H17: =VLOOKUP(H$3,INDIRECT(第一季!$A4&"!A1:F11"),6,FALSE) -> 2232373 | I17: =VLOOKUP(I$3,INDIRECT(第一季!$A4&"!A1:F11"),6,FALSE) -> 2180120 | ... K17: =VLOOKUP(K$3,INDIRECT(第一季!$A4&"!A1:F11"),6,FALSE) -> 1414659 | L17: =SUM(B17:K17) -> 20396662
B18: =VLOOKUP(B$3,INDIRECT(第一季!$A5&"!A1:F11"),6,FALSE) -> 1714778 | C18: =VLOOKUP(C$3,INDIRECT(第一季!$A5&"!A1:F11"),6,FALSE) -> 643323 | D18: =VLOOKUP(D$3,INDIRECT(第一季!$A5&"!A1:F11"),6,FALSE) -> 2239852 | E18: =VLOOKUP(E$3,INDIRECT(第一季!$A5&"!A1:F11"),6,FALSE) -> 1184630 | F18: =VLOOKUP(F$3,INDIRECT(第一季!$A5&"!A1:F11"),6,FALSE) -> 1959507 | G18: =VLOOKUP(G$3,INDIRECT(第一季!$A5&"!A1:F11"),6,FALSE) -> 1736630 | H18: =VLOOKUP(H$3,INDIRECT(第一季!$A5&"!A1:F11"),6,FALSE) -> 1911851 | I18: =VLOOKUP(I$3,INDIRECT(第一季!$A5&"!A1:F11"),6,FALSE) -> 2240933 | ... K18: =VLOOKUP(K$3,INDIRECT(第一季!$A5&"!A1:F11"),6,FALSE) -> 1338842 | L18: =SUM(B18:K18) -> 16614613
B19: =VLOOKUP(B$3,INDIRECT(第一季!$A6&"!A1:F11"),6,FALSE) -> 1747011 | C19: =VLOOKUP(C$3,INDIRECT(第一季!$A6&"!A1:F11"),6,FALSE) -> 1720457 | D19: =VLOOKUP(D$3,INDIRECT(第一季!$A6&"!A1:F11"),6,FALSE) -> 1649666 | E19: =VLOOKUP(E$3,INDIRECT(第一季!$A6&"!A1:F11"),6,FALSE) -> 2290157 | F19: =VLOOKUP(F$3,INDIRECT(第一季!$A6&"!A1:F11"),6,FALSE) -> 2131006 | G19: =VLOOKUP(G$3,INDIRECT(第一季!$A6&"!A1:F11"),6,FALSE) -> 2741998 | H19: =VLOOKUP(H$3,INDIRECT(第一季!$A6&"!A1:F11"),6,FALSE) -> 1715944 | I19: =VLOOKUP(I$3,INDIRECT(第一季!$A6&"!A1:F11"),6,FALSE) -> 1721818 | ... K19: =VLOOKUP(K$3,INDIRECT(第一季!$A6&"!A1:F11"),6,FALSE) -> 2939806 | L19: =SUM(B19:K19) -> 20776056
B20: =SUM(B17:B19) -> 5552978 | C20: =SUM(C17:C19) -> 5079745 | D20: =SUM(D17:D19) -> 5581686 | E20: =SUM(E17:E19) -> 5307254 | F20: =SUM(F17:F19) -> 6133373 | G20: =SUM(G17:G19) -> 6600322 | H20: =SUM(H17:H19) -> 5860168 | I20: =SUM(I17:I19) -> 6142871 | ... K20: =SUM(K17:K19) -> 5693307 | L20: =SUM(B20:K20) -> 57787331

Sheet 1月
B1: 電動腳踏車 | C1: 彈力帶踏步機 | D1: 靜音飛輪車 | E1: 重力訓練架 | F1: 合計
A2: Kevin | B2: 467628 | C2: 480668 | D2: 500759 | E2: 642134 | F2: =SUM(B2:E2) -> 2091189
A3: Lynn | B3: 573276 | C3: 949512 | D3: 391559 | E3: 801618 | F3: =SUM(B3:E3) -> 2715965
A4: Magee | B4: 248369 | C4: 605480 | D4: 726289 | E4: 112030 | F4: =SUM(B4:E4) -> 1692168
A5: Louis | B5: 124421 | C5: 748879 | D5: 678288 | E5: 280879 | F5: =SUM(B5:E5) -> 1832467
A6: Claire | B6: 181835 | C6: 859131 | D6: 331147 | E6: 670747 | F6: =SUM(B6:E6) -> 2042860
A7: Billy | B7: 392347 | C7: 366985 | D7: 914102 | E7: 448260 | F7: =SUM(B7:E7) -> 2121694
A8: Erica | B8: 430482 | C8: 261393 | D8: 868852 | E8: 671646 | F8: =SUM(B8:E8) -> 2232373
A9: Bella | B9: 860101 | C9: 188653 | D9: 972598 | E9: 158768 | F9: =SUM(B9:E9) -> 2180120
A10: Doris | B10: 990078 | C10: 644009 | D10: 42595 | E10: 396485 | F10: =SUM(B10:E10) -> 2073167
A11: Hank | B11: 682731 | C11: 559801 | D11: 85372 | E11: 86755 | F11: =SUM(B11:E11) -> 1414659
A12: 合計 | B12: =SUM(B2:B11) -> 4951268 | C12: =SUM(C2:C11) -> 5664511 | D12: =SUM(D2:D11) -> 5511561 | E12: =SUM(E2:E11) -> 4269322 | F12: =SUM(F2:F11) -> 20396662

Sheet 2月
B1: 電動腳踏車 | C1: 彈力帶踏步機 | D1: 靜音飛輪車 | E1: 重力訓練架 | F1: 合計
A2: Kevin | B2: 86152 | C2: 528004 | D2: 931372 | E2: 169250 | F2: =SUM(B2:E2) -> 1714778
A3: Lynn | B3: 303944 | C3: 182740 | D3: 114968 | E3: 41671 | F3: =SUM(B3:E3) -> 643323
A4: Magee | B4: 697862 | C4: 610978 | D4: 31978 | E4: 899034 | F4: =SUM(B4:E4) -> 2239852
A5: Louis | B5: 666952 | C5: 349832 | D5: 145871 | E5: 21975 | F5: =SUM(B5:E5) -> 1184630
A6: Claire | B6: 293485 | C6: 941881 | D6: 490107 | E6: 234034 | F6: =SUM(B6:E6) -> 1959507
A7: Billy | B7: 99489 | C7: 550832 | D7: 779945 | E7: 306364 | F7: =SUM(B7:E7) -> 1736630
A8: Erica | B8: 798913 | C8: 38731 | D8: 537544 | E8: 536663 | F8: =SUM(B8:E8) -> 1911851
A9: Bella | B9: 458141 | C9: 754391 | D9: 380498 | E9: 647903 | F9: =SUM(B9:E9) -> 2240933
A10: Doris | B10: 19428 | C10: 811032 | D10: 531563 | E10: 282244 | F10: =SUM(B10:E10) -> 1644267
A11: Hank | B11: 87078 | C11: 770408 | D11: 385181 | E11: 96175 | F11: =SUM(B11:E11) -> 1338842
A12: 合計 | B12: =SUM(B2:B11) -> 3511444 | C12: =SUM(C2:C11) -> 5538829 | D12: =SUM(D2:D11) -> 4329027 | E12: =SUM(E2:E11) -> 3235313 | F12: =SUM(F2:F11) -> 16614613

Sheet 3月
B1: 電動腳踏車 | C1: 彈力帶踏步機 | D1: 靜音飛輪車 | E1: 重力訓練架 | F1: 合計
A2: Kevin | B2: 988904 | C2: 111589 | D2: 629882 | E2: 16636 | F2: =SUM(B2:E2) -> 1747011
A3: Lynn | B3: 105444 | C3: 374489 | D3: 863117 | E3: 377407 | F3: =SUM(B3:E3) -> 1720457
A4: Magee | B4: 66154 | C4: 680482 | D4: 233586 | E4: 669444 | F4: =SUM(B4:E4) -> 1649666
A5: Louis | B5: 341163 | C5: 393077 | D5: 941930 | E5: 613987 | F5: =SUM(B5:E5) -> 2290157
A6: Claire | B6: 820347 | C6: 962157 | D6: 296161 | E6: 52341 | F6: =SUM(B6:E6) -> 2131006
A7: Billy | B7: 781065 | C7: 324318 | D7: 827763 | E7: 808852 | F7: =SUM(B7:E7) -> 2741998
A8: Erica | B8: 765690 | C8: 75454 | D8: 610626 | E8: 264174 | F8: =SUM(B8:E8) -> 1715944
A9: Bella | B9: 254266 | C9: 568917 | D9: 799182 | E9: 99453 | F9: =SUM(B9:E9) -> 1721818
A10: Doris | B10: 307120 | C10: 546894 | D10: 445075 | E10: 819104 | F10: =SUM(B10:E10) -> 2118193
A11: Hank | B11: 776003 | C11: 572404 | D11: 717620 | E11: 873779 | F11: =SUM(B11:E11) -> 2939806
A12: 合計 | B12: =SUM(B2:B11) -> 5206156 | C12: =SUM(C2:C11) -> 4609781 | D12: =SUM(D2:D11) -> 6364942 | E12: =SUM(E2:E11) -> 4595177 | F12: =SUM(F2:F11) -> 20776056
